-- Create the database
DROP DATABASE IF EXISTS StockAuction;
CREATE DATABASE StockAuction;
USE StockAuction;

-- The tables and some data
-- AuctionDay
DROP TABLE IF EXISTS AuctionDay;
CREATE TABLE AuctionDay(
	id smallint NOT NULL,
	auctionDay date NOT NULL,
    PRIMARY KEY (id)
 );

INSERT AuctionDay (id, auctionDay) VALUES (1619, '2020-08-03');
INSERT AuctionDay (id, auctionDay) VALUES (1620, '2019-08-10');


-- CattleAuction
DROP TABLE IF EXISTS CattleAuction;
CREATE TABLE CattleAuction(
	id nchar(5) NOT NULL,
	auctionId smallint NULL,
	startTime time NOT NULL,
	PRIMARY KEY (id)
);

INSERT CattleAuction (id, auctionId, startTime) VALUES ('C1619', 1619, '11:00');
INSERT CattleAuction (id, auctionId, startTime) VALUES ('C1620', 1620, '11:00');

ALTER TABLE CattleAuction  ADD CONSTRAINT FK_CattleAuction_AuctionDay FOREIGN KEY(auctionId)
REFERENCES AuctionDay(id);


-- SheepAuction
DROP TABLE IF EXISTS SheepAuction;
CREATE TABLE SheepAuction(
	id nchar(5) NOT NULL,
	auctionId smallint NULL,
	startTime time NOT NULL,
	PRIMARY KEY (id)
);

INSERT SheepAuction (id, auctionId, startTime) VALUES ('S1620', 1620, '11:30');

ALTER TABLE SheepAuction  ADD CONSTRAINT FK_SheepAuction_AuctionDay FOREIGN KEY(auctionId)
REFERENCES AuctionDay(id);


-- Potential Sellers and Buyers
DROP TABLE IF EXISTS AuctionClient;
CREATE TABLE AuctionClient(
	id nchar(10) NOT NULL,
	fullName nchar(50) NOT NULL,
	address1 nchar(30) NULL,
	address2 nchar(30) NULL,
	address3 nchar(30) NULL,
	province nchar(30) NULL,
	contactPerson nchar(50) NULL,
	phone nchar(15) NULL,
	phone2 nchar(15) NULL,
	email nchar(50) NULL,
	preferredNumber smallint NULL,
	PRIMARY KEY (id)
);
INSERT AuctionClient (id, fullName, address1, address2, address3, province, contactPerson, phone, phone2, email, preferredNumber) VALUES (N'ADE85     ', N'Adena Rich                                        ', N'4150 Rdenari Road             ', N'RD11                          ', N'Timaru                        ', N'South Canterbury              ', N'Adena Rich                                        ', N'(03)475-1010   ', N'(021)109-8042  ', N'Adena.Rich@emailProvide.co.nz                     ', 69);
INSERT AuctionClient (id, fullName, address1, address2, address3, province, contactPerson, phone, phone2, email, preferredNumber) VALUES (N'AIK33     ', N'Aiko Swanson                                      ', N'840 Sswanso Road              ', N'RD9                           ', N'Oamaru                        ', N'North Otago                   ', N'Aiko Swanson                                      ', N'(03)226-7194   ', N'(021)310-3802  ', N'Aiko.Swanson@emailProvide.co.nz                   ', 49);
INSERT AuctionClient (id, fullName, address1, address2, address3, province, contactPerson, phone, phone2, email, preferredNumber) VALUES (N'ALM34     ', N'Alma Fischer                                      ', N'137 Flmaf Road                ', N'RD9                           ', N'Oamaru                        ', N'North Otago                   ', N'Alma Fischer                                      ', N'(03)084-9257   ', N'(021)868-8482  ', N'Alma.Fischer@emailProvide.co.nz                   ', 35);
INSERT AuctionClient (id, fullName, address1, address2, address3, province, contactPerson, phone, phone2, email, preferredNumber) VALUES (N'AMA77     ', N'Amaya Delaney                                     ', N'963 Dadel Road                ', N'RD14                          ', N'Timaru                        ', N'South Canterbury              ', N'Amaya Delaney                                     ', N'(03)762-9996   ', N'(021)177-1024  ', N'Amaya.Delaney@emailProvide.co.nz                  ', NULL);
INSERT AuctionClient (id, fullName, address1, address2, address3, province, contactPerson, phone, phone2, email, preferredNumber) VALUES (N'AMI90     ', N'Amity Chapman                                     ', N'4150 Cchapm Road              ', N'RD12                          ', N'Timaru                        ', N'South Canterbury              ', N'Amity Chapman                                     ', N'(03)675-2988   ', N'(021)313-6188  ', N'Amity.Chapman@emailProvide.co.nz                  ', NULL);
INSERT AuctionClient (id, fullName, address1, address2, address3, province, contactPerson, phone, phone2, email, preferredNumber) VALUES (N'ANA20     ', N'Anastasia Delgado                                 ', N'4810 Dasiadelg Road           ', N'RD11                          ', N'Oamaru                        ', N'North Otago                   ', N'Anastasia Delgado                                 ', N'(03)674-0891   ', N'(021)252-9054  ', N'Anastasia.Delgado@emailProvide.co.nz              ', NULL);
INSERT AuctionClient (id, fullName, address1, address2, address3, province, contactPerson, phone, phone2, email, preferredNumber) VALUES (N'ANA22     ', N'Anastasia Trading                                 ', N'2025 Mtasiat Road             ', N'RD10                          ', N'Oamaru                        ', N'North Otago                   ', N'Anastasia Mckinney                                ', N'(03)505-3328   ', N'(021)260-6630  ', N'Anastasia.Trading@emailProvide.co.nz              ', 79);
INSERT AuctionClient (id, fullName, address1, address2, address3, province, contactPerson, phone, phone2, email, preferredNumber) VALUES (N'ANG84     ', N'Angela Preston                                    ', N'1647 Pelaprest Road           ', N'RD10                          ', N'Timaru                        ', N'South Canterbury              ', N'Angela Preston                                    ', N'(03)011-4590   ', N'(021)554-4582  ', N'Angela.Preston@emailProvide.co.nz                 ', 31);
INSERT AuctionClient (id, fullName, address1, address2, address3, province, contactPerson, phone, phone2, email, preferredNumber) VALUES (N'ARM79     ', N'Armand Cannon                                     ', N'3042 Candcanno Road           ', N'RD11                          ', N'Timaru                        ', N'South Canterbury              ', N'Armand Cannon                                     ', N'(03)643-7010   ', N'(021)603-4563  ', N'Armand.Cannon@emailProvide.co.nz                  ', NULL);
INSERT AuctionClient (id, fullName, address1, address2, address3, province, contactPerson, phone, phone2, email, preferredNumber) VALUES (N'ASP43     ', N'Aspen Wilkerson                                   ', N'1333 Wspenwilk Road           ', N'RD5                           ', N'Oamaru                        ', N'North Otago                   ', N'Aspen Wilkerson                                   ', N'(03)951-6071   ', N'(021)928-6857  ', N'Aspen.Wilkerson@emailProvide.co.nz                ', NULL);
INSERT AuctionClient (id, fullName, address1, address2, address3, province, contactPerson, phone, phone2, email, preferredNumber) VALUES (N'AUT58     ', N'Autumn Mooney                                     ', N'626 Mumnmoone Road            ', N'RD13                          ', N'Waimate                       ', N'South Canterbury              ', N'Autumn Mooney                                     ', N'(03)493-7738   ', N'(021)483-5527  ', N'Autumn.Mooney@emailProvide.co.nz                  ', 75);
INSERT AuctionClient (id, fullName, address1, address2, address3, province, contactPerson, phone, phone2, email, preferredNumber) VALUES (N'AYA18     ', N'Ayala Farms                                       ', N'1947 Aalafa Road              ', N'RD6                           ', N'Oamaru                        ', N'North Otago                   ', N'Remedios Ayala                                    ', N'(03)095-9008   ', N'(021)285-8981  ', N'Ayala.Farms@emailProvide.co.nz                    ', 40);
INSERT AuctionClient (id, fullName, address1, address2, address3, province, contactPerson, phone, phone2, email, preferredNumber) VALUES (N'BAR45     ', N'Barrett Fuller                                    ', N'3421 Frrettf Road             ', N'RD8                           ', N'Oamaru                        ', N'North Otago                   ', N'Barrett Fuller                                    ', N'(03)886-8586   ', N'(021)286-6582  ', N'Barrett.Fuller@emailProvide.co.nz                 ', NULL);
INSERT AuctionClient (id, fullName, address1, address2, address3, province, contactPerson, phone, phone2, email, preferredNumber) VALUES (N'BAR49     ', N'Barclay Barr                                      ', N'2089 Bclayb Road              ', N'RD5                           ', N'Waimate                       ', N'South Canterbury              ', N'Barclay Barr                                      ', N'(03)802-7225   ', N'(021)745-2142  ', N'Barclay.Barr@emailProvide.co.nz                   ', NULL);
INSERT AuctionClient (id, fullName, address1, address2, address3, province, contactPerson, phone, phone2, email, preferredNumber) VALUES (N'BIA84     ', N'Bianca Foster                                     ', N'913 Fiancaf Road              ', N'RD12                          ', N'Timaru                        ', N'South Canterbury              ', N'Bianca Foster                                     ', N'(03)435-0867   ', N'(021)656-6917  ', N'Bianca.Foster@emailProvide.co.nz                  ', 65);
INSERT AuctionClient (id, fullName, address1, address2, address3, province, contactPerson, phone, phone2, email, preferredNumber) VALUES (N'BRE87     ', N'Brent Ramirez                                     ', N'2177 Rntrami Road             ', N'RD12                          ', N'Timaru                        ', N'South Canterbury              ', N'Brent Ramirez                                     ', N'(03)358-8312   ', N'(021)353-3396  ', N'Brent.Ramirez@emailProvide.co.nz                  ', 58);
INSERT AuctionClient (id, fullName, address1, address2, address3, province, contactPerson, phone, phone2, email, preferredNumber) VALUES (N'BRI76     ', N'Bright Farms                                      ', N'2679 Bightfa Road             ', N'RD10                          ', N'Oamaru                        ', N'North Otago                   ', N'Tanya Bright                                      ', N'(03)489-4659   ', N'(021)554-4681  ', N'Bright.Farms@emailProvide.co.nz                   ', 74);
INSERT AuctionClient (id, fullName, address1, address2, address3, province, contactPerson, phone, phone2, email, preferredNumber) VALUES (N'BRO56     ', N'Brody Stanley                                     ', N'4381 Sdystanley Road          ', N'RD5                           ', N'Timaru                        ', N'South Canterbury              ', N'Brody Stanley                                     ', N'(03)476-7728   ', N'(021)266-5114  ', N'Brody.Stanley@emailProvide.co.nz                  ', 70);
INSERT AuctionClient (id, fullName, address1, address2, address3, province, contactPerson, phone, phone2, email, preferredNumber) VALUES (N'BUR94     ', N'Burch Farms                                       ', N'3685 Burchfar Road            ', N'RD4                           ', N'Oamaru                        ', N'North Otago                   ', N'Dana Burch                                        ', N'(03)099-8020   ', N'(021)524-7117  ', N'Burch.Farms@emailProvide.co.nz                    ', 41);
INSERT AuctionClient (id, fullName, address1, address2, address3, province, contactPerson, phone, phone2, email, preferredNumber) VALUES (N'CAM40     ', N'Camden Hatfield                                   ', N'3276 Hamdenhatf Road          ', N'RD13                          ', N'Timaru                        ', N'South Canterbury              ', N'Camden Hatfield                                   ', N'(03)420-8856   ', N'(021)947-4638  ', N'Camden.Hatfield@emailProvide.co.nz                ', 62);
INSERT AuctionClient (id, fullName, address1, address2, address3, province, contactPerson, phone, phone2, email, preferredNumber) VALUES (N'CAR58     ', N'Carr Farms                                        ', N'4404 Cfarms Road              ', N'RD6                           ', N'Timaru                        ', N'South Canterbury              ', N'Xenos Carr                                        ', N'(03)197-5936   ', N'(021)320-9170  ', N'Carr.Farms@emailProvide.co.nz                     ', 43);
INSERT AuctionClient (id, fullName, address1, address2, address3, province, contactPerson, phone, phone2, email, preferredNumber) VALUES (N'CEC74     ', N'Cecilia Trading                                   ', N'2439 Ailiat Road              ', N'RD12                          ', N'Waimate                       ', N'South Canterbury              ', N'Cecilia Alexander                                 ', N'(03)092-1449   ', N'(021)139-1323  ', N'Cecilia.Trading@emailProvide.co.nz                ', 37);
INSERT AuctionClient (id, fullName, address1, address2, address3, province, contactPerson, phone, phone2, email, preferredNumber) VALUES (N'CED89     ', N'Cedric Cummings                                   ', N'2780 Cedric Road              ', N'RD11                          ', N'Timaru                        ', N'South Canterbury              ', N'Cedric Cummings                                   ', N'(03)773-1477   ', N'(021)395-3023  ', N'Cedric.Cummings@emailProvide.co.nz                ', NULL);
INSERT AuctionClient (id, fullName, address1, address2, address3, province, contactPerson, phone, phone2, email, preferredNumber) VALUES (N'CHA55     ', N'Chase Mccormick                                   ', N'2246 Msemc Road               ', N'RD12                          ', N'Timaru                        ', N'South Canterbury              ', N'Chase Mccormick                                   ', N'(03)919-2133   ', N'(021)238-5471  ', N'Chase.Mccormick@emailProvide.co.nz                ', NULL);
INSERT AuctionClient (id, fullName, address1, address2, address3, province, contactPerson, phone, phone2, email, preferredNumber) VALUES (N'CHA61     ', N'Chadwick Trading                                  ', N'3673 Jwickt Road              ', N'RD9                           ', N'Waimate                       ', N'South Canterbury              ', N'Chadwick Jackson                                  ', N'(03)206-4110   ', N'(021)785-5968  ', N'Chadwick.Trading@emailProvide.co.nz               ', 44);
INSERT AuctionClient (id, fullName, address1, address2, address3, province, contactPerson, phone, phone2, email, preferredNumber) VALUES (N'CHE54     ', N'Cherry Farms                                      ', N'465 Cyfarm Road               ', N'RD11                          ', N'Timaru                        ', N'South Canterbury              ', N'Alvin Cherry                                      ', N'(03)026-9560   ', N'(021)981-7659  ', N'Cherry.Farms@emailProvide.co.nz                   ', 33);
INSERT AuctionClient (id, fullName, address1, address2, address3, province, contactPerson, phone, phone2, email, preferredNumber) VALUES (N'DAL10     ', N'Dalton Farms                                      ', N'1266 Donfa Road               ', N'RD5                           ', N'Timaru                        ', N'South Canterbury              ', N'Casey Dalton                                      ', N'(03)226-9059   ', N'(021)512-8405  ', N'Dalton.Farms@emailProvide.co.nz                   ', 50);
INSERT AuctionClient (id, fullName, address1, address2, address3, province, contactPerson, phone, phone2, email, preferredNumber) VALUES (N'DAM54     ', N'Damian Rollins                                    ', N'3392 Rnrollin Road            ', N'RD13                          ', N'Oamaru                        ', N'North Otago                   ', N'Damian Rollins                                    ', N'(03)088-9100   ', N'(021)260-6836  ', N'Damian.Rollins@emailProvide.co.nz                 ', 36);
INSERT AuctionClient (id, fullName, address1, address2, address3, province, contactPerson, phone, phone2, email, preferredNumber) VALUES (N'DAN83     ', N'Daniel Farms                                      ', N'4250 Dielfa Road              ', N'RD7                           ', N'Oamaru                        ', N'North Otago                   ', N'Geraldine Daniel                                  ', N'(03)164-8667   ', N'(021)241-5183  ', N'Daniel.Farms@emailProvide.co.nz                   ', 42);
INSERT AuctionClient (id, fullName, address1, address2, address3, province, contactPerson, phone, phone2, email, preferredNumber) VALUES (N'DEA33     ', N'Deacon Walsh                                      ', N'4903 Wonwalsh Road            ', N'RD9                           ', N'Timaru                        ', N'South Canterbury              ', N'Deacon Walsh                                      ', N'(03)290-2043   ', N'(021)982-9212  ', N'Deacon.Walsh@emailProvide.co.nz                   ', 53);
INSERT AuctionClient (id, fullName, address1, address2, address3, province, contactPerson, phone, phone2, email, preferredNumber) VALUES (N'DIL15     ', N'Dillard Farms                                     ', N'307 Dillardf Road             ', N'RD5                           ', N'Timaru                        ', N'South Canterbury              ', N'Eaton Dillard                                     ', N'(03)504-5836   ', N'(021)984-2181  ', N'Dillard.Farms@emailProvide.co.nz                  ', 78);
INSERT AuctionClient (id, fullName, address1, address2, address3, province, contactPerson, phone, phone2, email, preferredNumber) VALUES (N'ECH84     ', N'Echo Simon                                        ', N'1909 Sosimon Road             ', N'RD8                           ', N'Oamaru                        ', N'North Otago                   ', N'Echo Simon                                        ', N'(03)771-2424   ', N'(021)755-7806  ', N'Echo.Simon@emailProvide.co.nz                     ', NULL);
INSERT AuctionClient (id, fullName, address1, address2, address3, province, contactPerson, phone, phone2, email, preferredNumber) VALUES (N'EDE14     ', N'Eden Arnold                                       ', N'700 Aenarnold Road            ', N'RD14                          ', N'Timaru                        ', N'South Canterbury              ', N'Eden Arnold                                       ', N'(03)585-1950   ', N'(021)228-8001  ', N'Eden.Arnold@emailProvide.co.nz                    ', NULL);
INSERT AuctionClient (id, fullName, address1, address2, address3, province, contactPerson, phone, phone2, email, preferredNumber) VALUES (N'ELT41     ', N'Elton Trading                                     ', N'1020 Mltontra Road            ', N'RD4                           ', N'Oamaru                        ', N'North Otago                   ', N'Elton Mckee                                       ', N'(03)485-0734   ', N'(021)410-9178  ', N'Elton.Trading@emailProvide.co.nz                  ', 72);
INSERT AuctionClient (id, fullName, address1, address2, address3, province, contactPerson, phone, phone2, email, preferredNumber) VALUES (N'EME54     ', N'Emery Mendoza                                     ', N'953 Mrymendo Road             ', N'RD10                          ', N'Oamaru                        ', N'North Otago                   ', N'Emery Mendoza                                     ', N'(03)599-0790   ', N'(021)847-8890  ', N'Emery.Mendoza@emailProvide.co.nz                  ', NULL);
INSERT AuctionClient (id, fullName, address1, address2, address3, province, contactPerson, phone, phone2, email, preferredNumber) VALUES (N'EVE64     ', N'Everett Farms                                     ', N'653 Erettfarm Road            ', N'RD12                          ', N'Waimate                       ', N'South Canterbury              ', N'Maxine Everett                                    ', N'(03)559-9273   ', N'(021)911-6160  ', N'Everett.Farms@emailProvide.co.nz                  ', NULL);
INSERT AuctionClient (id, fullName, address1, address2, address3, province, contactPerson, phone, phone2, email, preferredNumber) VALUES (N'FIT70     ', N'Fitzpatrick Farms                                 ', N'4528 Fpatrickf Road           ', N'RD4                           ', N'Timaru                        ', N'South Canterbury              ', N'Ferris Fitzpatrick                                ', N'(03)634-4400   ', N'(021)321-2800  ', N'Fitzpatrick.Farms@emailProvide.co.nz              ', NULL);
INSERT AuctionClient (id, fullName, address1, address2, address3, province, contactPerson, phone, phone2, email, preferredNumber) VALUES (N'FRA57     ', N'Francesca Holland                                 ', N'327 Hcesca Road               ', N'RD5                           ', N'Timaru                        ', N'South Canterbury              ', N'Francesca Holland                                 ', N'(03)565-2287   ', N'(021)963-9317  ', N'Francesca.Holland@emailProvide.co.nz              ', NULL);
INSERT AuctionClient (id, fullName, address1, address2, address3, province, contactPerson, phone, phone2, email, preferredNumber) VALUES (N'GAN56     ', N'Gannon Trading                                    ', N'3361 Bnnontradi Road          ', N'RD7                           ', N'Oamaru                        ', N'North Otago                   ', N'Gannon Battle                                     ', N'(03)358-7914   ', N'(021)710-1279  ', N'Gannon.Trading@emailProvide.co.nz                 ', 57);
INSERT AuctionClient (id, fullName, address1, address2, address3, province, contactPerson, phone, phone2, email, preferredNumber) VALUES (N'GER44     ', N'Germane Blackburn                                 ', N'3046 Brmane Road              ', N'RD15                          ', N'Ashburton                     ', N'Mid Canterbury                ', N'Germane Blackburn                                 ', N'(03)527-0752   ', N'(021)608-1879  ', N'Germane.Blackburn@emailProvide.co.nz              ', 85);
INSERT AuctionClient (id, fullName, address1, address2, address3, province, contactPerson, phone, phone2, email, preferredNumber) VALUES (N'GIL21     ', N'Gill Farms                                        ', N'1960 Gfarms Road              ', N'RD11                          ', N'Timaru                        ', N'South Canterbury              ', N'Igor Gill                                         ', N'(03)891-4722   ', N'(021)335-7845  ', N'Gill.Farms@emailProvide.co.nz                     ', NULL);
INSERT AuctionClient (id, fullName, address1, address2, address3, province, contactPerson, phone, phone2, email, preferredNumber) VALUES (N'GRA33     ', N'Grady Blevins                                     ', N'1814 Byble Road               ', N'RD12                          ', N'Oamaru                        ', N'North Otago                   ', N'Grady Blevins                                     ', N'(03)883-3196   ', N'(021)253-9109  ', N'Grady.Blevins@emailProvide.co.nz                  ', NULL);
INSERT AuctionClient (id, fullName, address1, address2, address3, province, contactPerson, phone, phone2, email, preferredNumber) VALUES (N'HAN72     ', N'Hanna Collier                                     ', N'4500 Ccollier Road            ', N'RD9                           ', N'Waimate                       ', N'South Canterbury              ', N'Hanna Collier                                     ', N'(03)762-0483   ', N'(021)576-1295  ', N'Hanna.Collier@emailProvide.co.nz                  ', NULL);
INSERT AuctionClient (id, fullName, address1, address2, address3, province, contactPerson, phone, phone2, email, preferredNumber) VALUES (N'HAR50     ', N'Hardin Farms                                      ', N'491 Hdinfa Road               ', N'RD10                          ', N'Oamaru                        ', N'North Otago                   ', N'Lani Hardin                                       ', N'(03)525-1909   ', N'(021)571-7599  ', N'Hardin.Farms@emailProvide.co.nz                   ', 84);
INSERT AuctionClient (id, fullName, address1, address2, address3, province, contactPerson, phone, phone2, email, preferredNumber) VALUES (N'HAS41     ', N'Hasad Harrington                                  ', N'2424 Hasadhar Road            ', N'RD10                          ', N'Ashburton                     ', N'Mid Canterbury                ', N'Hasad Harrington                                  ', N'(03)495-3350   ', N'(021)335-9858  ', N'Hasad.Harrington@emailProvide.co.nz               ', 76);
INSERT AuctionClient (id, fullName, address1, address2, address3, province, contactPerson, phone, phone2, email, preferredNumber) VALUES (N'HER18     ', N'Hermione Compton                                  ', N'1839 Conecompto Road          ', N'RD6                           ', N'Waimate                       ', N'South Canterbury              ', N'Hermione Compton                                  ', N'(03)094-7221   ', N'(021)630-8131  ', N'Hermione.Compton@emailProvide.co.nz               ', 38);
INSERT AuctionClient (id, fullName, address1, address2, address3, province, contactPerson, phone, phone2, email, preferredNumber) VALUES (N'HUM53     ', N'Humphrey Farms                                    ', N'4635 Humphreyfa Road          ', N'RD6                           ', N'Waimate                       ', N'South Canterbury              ', N'Carson Humphrey                                   ', N'(03)551-7583   ', N'(021)969-2908  ', N'Humphrey.Farms@emailProvide.co.nz                 ', NULL);
INSERT AuctionClient (id, fullName, address1, address2, address3, province, contactPerson, phone, phone2, email, preferredNumber) VALUES (N'ILL32     ', N'Illiana Garner                                    ', N'1592 Glianagar Road           ', N'RD9                           ', N'Waimate                       ', N'South Canterbury              ', N'Illiana Garner                                    ', N'(03)523-7558   ', N'(021)212-1231  ', N'Illiana.Garner@emailProvide.co.nz                 ', 83);
INSERT AuctionClient (id, fullName, address1, address2, address3, province, contactPerson, phone, phone2, email, preferredNumber) VALUES (N'ILL83     ', N'Illiana Maldonado                                 ', N'187 Mllianamal Road           ', N'RD7                           ', N'Waimate                       ', N'South Canterbury              ', N'Illiana Maldonado                                 ', N'(03)396-2283   ', N'(021)711-2979  ', N'Illiana.Maldonado@emailProvide.co.nz              ', 60);
INSERT AuctionClient (id, fullName, address1, address2, address3, province, contactPerson, phone, phone2, email, preferredNumber) VALUES (N'INA96     ', N'Ina Trading                                       ', N'4383 Batrading Road           ', N'RD11                          ', N'Ashburton                     ', N'Mid Canterbury                ', N'Ina Boyd                                          ', N'(03)507-7772   ', N'(021)779-6718  ', N'Ina.Trading@emailProvide.co.nz                    ', 80);
INSERT AuctionClient (id, fullName, address1, address2, address3, province, contactPerson, phone, phone2, email, preferredNumber) VALUES (N'IRM34     ', N'Irma Trading                                      ', N'720 Matradin Road             ', N'RD10                          ', N'Waimate                       ', N'South Canterbury              ', N'Irma Mcbride                                      ', N'(03)230-0136   ', N'(021)965-3131  ', N'Irma.Trading@emailProvide.co.nz                   ', 51);
INSERT AuctionClient (id, fullName, address1, address2, address3, province, contactPerson, phone, phone2, email, preferredNumber) VALUES (N'ISA52     ', N'Isadora Mcintyre                                  ', N'3401 Msador Road              ', N'RD12                          ', N'Oamaru                        ', N'North Otago                   ', N'Isadora Mcintyre                                  ', N'(03)828-3525   ', N'(021)943-9513  ', N'Isadora.Mcintyre@emailProvide.co.nz               ', NULL);
INSERT AuctionClient (id, fullName, address1, address2, address3, province, contactPerson, phone, phone2, email, preferredNumber) VALUES (N'IVY25     ', N'Ivy Morrison                                      ', N'4503 Mvymor Road              ', N'RD14                          ', N'Oamaru                        ', N'North Otago                   ', N'Ivy Morrison                                      ', N'(03)768-4543   ', N'(021)772-6445  ', N'Ivy.Morrison@emailProvide.co.nz                   ', NULL);
INSERT AuctionClient (id, fullName, address1, address2, address3, province, contactPerson, phone, phone2, email, preferredNumber) VALUES (N'JAN29     ', N'Jana Brown                                        ', N'4965 Bbrown Road              ', N'RD7                           ', N'Oamaru                        ', N'North Otago                   ', N'Jana Brown                                        ', N'(03)666-8339   ', N'(021)531-6471  ', N'Jana.Brown@emailProvide.co.nz                     ', NULL);
INSERT AuctionClient (id, fullName, address1, address2, address3, province, contactPerson, phone, phone2, email, preferredNumber) VALUES (N'JIM52     ', N'Jimenez Farms                                     ', N'1848 Jimenez Road             ', N'RD7                           ', N'Oamaru                        ', N'North Otago                   ', N'Dillon Jimenez                                    ', N'(03)555-4967   ', N'(021)516-1393  ', N'Jimenez.Farms@emailProvide.co.nz                  ', NULL);
INSERT AuctionClient (id, fullName, address1, address2, address3, province, contactPerson, phone, phone2, email, preferredNumber) VALUES (N'JOC56     ', N'Jocelyn Dickson                                   ', N'742 Dlynd Road                ', N'RD6                           ', N'Timaru                        ', N'South Canterbury              ', N'Jocelyn Dickson                                   ', N'(03)454-5318   ', N'(021)546-7391  ', N'Jocelyn.Dickson@emailProvide.co.nz                ', 66);
INSERT AuctionClient (id, fullName, address1, address2, address3, province, contactPerson, phone, phone2, email, preferredNumber) VALUES (N'JUL45     ', N'Juliet Hayes                                      ', N'4215 Hetha Road               ', N'RD13                          ', N'Oamaru                        ', N'North Otago                   ', N'Juliet Hayes                                      ', N'(03)535-8097   ', N'(021)961-7593  ', N'Juliet.Hayes@emailProvide.co.nz                   ', 86);
INSERT AuctionClient (id, fullName, address1, address2, address3, province, contactPerson, phone, phone2, email, preferredNumber) VALUES (N'KAR29     ', N'Kareem Buchanan                                   ', N'910 Bembuchana Road           ', N'RD14                          ', N'Oamaru                        ', N'North Otago                   ', N'Kareem Buchanan                                   ', N'(03)632-2618   ', N'(021)695-9191  ', N'Kareem.Buchanan@emailProvide.co.nz                ', NULL);
INSERT AuctionClient (id, fullName, address1, address2, address3, province, contactPerson, phone, phone2, email, preferredNumber) VALUES (N'KAU93     ', N'Kaufman Farms                                     ', N'1645 Kfmanfar Road            ', N'RD14                          ', N'Timaru                        ', N'South Canterbury              ', N'Fatima Kaufman                                    ', N'(03)683-1732   ', N'(021)146-6029  ', N'Kaufman.Farms@emailProvide.co.nz                  ', NULL);
INSERT AuctionClient (id, fullName, address1, address2, address3, province, contactPerson, phone, phone2, email, preferredNumber) VALUES (N'KAY61     ', N'Kaye Robinson                                     ', N'1427 Rrobinson Road           ', N'RD9                           ', N'Timaru                        ', N'South Canterbury              ', N'Kaye Robinson                                     ', N'(03)474-4656   ', N'(021)159-8973  ', N'Kaye.Robinson@emailProvide.co.nz                  ', 68);
INSERT AuctionClient (id, fullName, address1, address2, address3, province, contactPerson, phone, phone2, email, preferredNumber) VALUES (N'KIR77     ', N'Kirk Cameron                                      ', N'3507 Ckcamer Road             ', N'RD4                           ', N'Timaru                        ', N'South Canterbury              ', N'Kirk Cameron                                      ', N'(03)015-1740   ', N'(021)799-3340  ', N'Kirk.Cameron@emailProvide.co.nz                   ', 32);
INSERT AuctionClient (id, fullName, address1, address2, address3, province, contactPerson, phone, phone2, email, preferredNumber) VALUES (N'KYL15     ', N'Kylynn Trading                                    ', N'953 Slynntr Road              ', N'RD12                          ', N'Oamaru                        ', N'North Otago                   ', N'Kylynn Santos                                     ', N'(03)033-2516   ', N'(021)760-4269  ', N'Kylynn.Trading@emailProvide.co.nz                 ', 34);
INSERT AuctionClient (id, fullName, address1, address2, address3, province, contactPerson, phone, phone2, email, preferredNumber) VALUES (N'LEE46     ', N'Lee Chase                                         ', N'3924 Cchase Road              ', N'RD5                           ', N'Oamaru                        ', N'North Otago                   ', N'Lee Chase                                         ', N'(03)390-2387   ', N'(021)762-7644  ', N'Lee.Chase@emailProvide.co.nz                      ', 59);
INSERT AuctionClient (id, fullName, address1, address2, address3, province, contactPerson, phone, phone2, email, preferredNumber) VALUES (N'LES38     ', N'Lester Hayes                                      ', N'4177 Hterhayes Road           ', N'RD5                           ', N'Oamaru                        ', N'North Otago                   ', N'Lester Hayes                                      ', N'(03)918-1908   ', N'(021)468-4405  ', N'Lester.Hayes@emailProvide.co.nz                   ', NULL);
INSERT AuctionClient (id, fullName, address1, address2, address3, province, contactPerson, phone, phone2, email, preferredNumber) VALUES (N'LEV53     ', N'Lev Michael                                       ', N'2538 Mvmich Road              ', N'RD13                          ', N'Waimate                       ', N'South Canterbury              ', N'Lev Michael                                       ', N'(03)858-0638   ', N'(021)131-4734  ', N'Lev.Michael@emailProvide.co.nz                    ', NULL);
INSERT AuctionClient (id, fullName, address1, address2, address3, province, contactPerson, phone, phone2, email, preferredNumber) VALUES (N'MAC97     ', N'Macdonald Farms                                   ', N'1925 Mcdonald Road            ', N'RD4                           ', N'Waimate                       ', N'South Canterbury              ', N'Yvette Macdonald                                  ', N'(03)497-7464   ', N'(021)242-3216  ', N'Macdonald.Farms@emailProvide.co.nz                ', 77);
INSERT AuctionClient (id, fullName, address1, address2, address3, province, contactPerson, phone, phone2, email, preferredNumber) VALUES (N'MAD58     ', N'Madaline Trading                                  ', N'3665 Falinetra Road           ', N'RD8                           ', N'Timaru                        ', N'South Canterbury              ', N'Madaline Farmer                                   ', N'(03)744-0830   ', N'(021)389-2475  ', N'Madaline.Trading@emailProvide.co.nz               ', NULL);
INSERT AuctionClient (id, fullName, address1, address2, address3, province, contactPerson, phone, phone2, email, preferredNumber) VALUES (N'MAD86     ', N'Madonna Valencia                                  ', N'3805 Vnnaval Road             ', N'RD7                           ', N'Oamaru                        ', N'North Otago                   ', N'Madonna Valencia                                  ', N'(03)651-6332   ', N'(021)332-6106  ', N'Madonna.Valencia@emailProvide.co.nz               ', NULL);
INSERT AuctionClient (id, fullName, address1, address2, address3, province, contactPerson, phone, phone2, email, preferredNumber) VALUES (N'MAR13     ', N'Mary Trading                                      ', N'1812 Mytradi Road             ', N'RD6                           ', N'Oamaru                        ', N'North Otago                   ', N'Mary Maxwell                                      ', N'(03)769-0601   ', N'(021)784-4846  ', N'Mary.Trading@emailProvide.co.nz                   ', NULL);
INSERT AuctionClient (id, fullName, address1, address2, address3, province, contactPerson, phone, phone2, email, preferredNumber) VALUES (N'MAR64     ', N'Marshall Leach                                    ', N'1572 Lrshalllea Road          ', N'RD10                          ', N'Oamaru                        ', N'North Otago                   ', N'Marshall Leach                                    ', N'(03)357-4050   ', N'(021)548-9789  ', N'Marshall.Leach@emailProvide.co.nz                 ', 56);
INSERT AuctionClient (id, fullName, address1, address2, address3, province, contactPerson, phone, phone2, email, preferredNumber) VALUES (N'MAR82     ', N'Marks Farms                                       ', N'2781 Mksfa Road               ', N'RD11                          ', N'Oamaru                        ', N'North Otago                   ', N'Jescie Marks                                      ', N'(03)487-6821   ', N'(021)894-1904  ', N'Marks.Farms@emailProvide.co.nz                    ', 73);
INSERT AuctionClient (id, fullName, address1, address2, address3, province, contactPerson, phone, phone2, email, preferredNumber) VALUES (N'MCK18     ', N'Mckee Farms                                       ', N'3021 Mckeefarm Road           ', N'RD15                          ', N'Oamaru                        ', N'North Otago                   ', N'Alika Mckee                                       ', N'(03)743-2868   ', N'(021)908-8911  ', N'Mckee.Farms@emailProvide.co.nz                    ', NULL);
INSERT AuctionClient (id, fullName, address1, address2, address3, province, contactPerson, phone, phone2, email, preferredNumber) VALUES (N'MCL46     ', N'Mclean Farms                                      ', N'2991 Mcleanfar Road           ', N'RD14                          ', N'Oamaru                        ', N'North Otago                   ', N'Ferdinand Mclean                                  ', N'(03)703-9987   ', N'(021)923-6612  ', N'Mclean.Farms@emailProvide.co.nz                   ', NULL);
INSERT AuctionClient (id, fullName, address1, address2, address3, province, contactPerson, phone, phone2, email, preferredNumber) VALUES (N'MEG54     ', N'Meghan Dalton                                     ', N'4912 Dndalt Road              ', N'RD11                          ', N'Timaru                        ', N'South Canterbury              ', N'Meghan Dalton                                     ', N'(03)095-7171   ', N'(021)299-3270  ', N'Meghan.Dalton@emailProvide.co.nz                  ', 39);
INSERT AuctionClient (id, fullName, address1, address2, address3, province, contactPerson, phone, phone2, email, preferredNumber) VALUES (N'MEL94     ', N'Melissa Ruiz                                      ', N'2913 Relissar Road            ', N'RD5                           ', N'Ashburton                     ', N'Mid Canterbury                ', N'Melissa Ruiz                                      ', N'(03)224-6947   ', N'(021)435-1322  ', N'Melissa.Ruiz@emailProvide.co.nz                   ', 48);
INSERT AuctionClient (id, fullName, address1, address2, address3, province, contactPerson, phone, phone2, email, preferredNumber) VALUES (N'MUF73     ', N'Mufutau Munoz                                     ', N'2234 Mtaumuno Road            ', N'RD4                           ', N'Oamaru                        ', N'North Otago                   ', N'Mufutau Munoz                                     ', N'(03)650-5319   ', N'(021)329-2206  ', N'Mufutau.Munoz@emailProvide.co.nz                  ', NULL);
INSERT AuctionClient (id, fullName, address1, address2, address3, province, contactPerson, phone, phone2, email, preferredNumber) VALUES (N'NER26     ', N'Nerea Christian                                   ', N'2798 Cereachri Road           ', N'RD5                           ', N'Oamaru                        ', N'North Otago                   ', N'Nerea Christian                                   ', N'(03)787-8960   ', N'(021)830-9701  ', N'Nerea.Christian@emailProvide.co.nz                ', NULL);
INSERT AuctionClient (id, fullName, address1, address2, address3, province, contactPerson, phone, phone2, email, preferredNumber) VALUES (N'NOL48     ', N'Nola Trading                                      ', N'4886 Vlatrading Road          ', N'RD4                           ', N'Oamaru                        ', N'North Otago                   ', N'Nola Vasquez                                      ', N'(03)421-3219   ', N'(021)934-7606  ', N'Nola.Trading@emailProvide.co.nz                   ', 63);
INSERT AuctionClient (id, fullName, address1, address2, address3, province, contactPerson, phone, phone2, email, preferredNumber) VALUES (N'OMA68     ', N'Omar Riddle                                       ', N'1786 Rriddle Road             ', N'RD4                           ', N'Oamaru                        ', N'North Otago                   ', N'Omar Riddle                                       ', N'(03)352-5610   ', N'(021)811-9517  ', N'Omar.Riddle@emailProvide.co.nz                    ', 55);
INSERT AuctionClient (id, fullName, address1, address2, address3, province, contactPerson, phone, phone2, email, preferredNumber) VALUES (N'OTT26     ', N'Otto Trading                                      ', N'4652 Tttotr Road              ', N'RD14                          ', N'Timaru                        ', N'South Canterbury              ', N'Otto Torres                                       ', N'(03)953-9208   ', N'(021)741-3241  ', N'Otto.Trading@emailProvide.co.nz                   ', NULL);
INSERT AuctionClient (id, fullName, address1, address2, address3, province, contactPerson, phone, phone2, email, preferredNumber) VALUES (N'OTT82     ', N'Otto Roman                                        ', N'3915 Rttoroman Road           ', N'RD9                           ', N'Oamaru                        ', N'North Otago                   ', N'Otto Roman                                        ', N'(03)591-1272   ', N'(021)892-6316  ', N'Otto.Roman@emailProvide.co.nz                     ', NULL);
INSERT AuctionClient (id, fullName, address1, address2, address3, province, contactPerson, phone, phone2, email, preferredNumber) VALUES (N'PAU40     ', N'Paul Craig                                        ', N'3537 Culcra Road              ', N'RD14                          ', N'Waimate                       ', N'South Canterbury              ', N'Paul Craig                                        ', N'(03)223-7052   ', N'(021)645-3165  ', N'Paul.Craig@emailProvide.co.nz                     ', 47);
INSERT AuctionClient (id, fullName, address1, address2, address3, province, contactPerson, phone, phone2, email, preferredNumber) VALUES (N'PHO88     ', N'Phoebe Mcbride                                    ', N'2012 Mbemcbride Road          ', N'RD15                          ', N'Timaru                        ', N'South Canterbury              ', N'Phoebe Mcbride                                    ', N'(03)268-8434   ', N'(021)875-9046  ', N'Phoebe.Mcbride@emailProvide.co.nz                 ', 52);
INSERT AuctionClient (id, fullName, address1, address2, address3, province, contactPerson, phone, phone2, email, preferredNumber) VALUES (N'QUE55     ', N'Quentin Miranda                                   ', N'1589 Mentin Road              ', N'RD10                          ', N'Oamaru                        ', N'North Otago                   ', N'Quentin Miranda                                   ', N'(03)522-3969   ', N'(021)815-3326  ', N'Quentin.Miranda@emailProvide.co.nz                ', 82);
INSERT AuctionClient (id, fullName, address1, address2, address3, province, contactPerson, phone, phone2, email, preferredNumber) VALUES (N'QUO44     ', N'Quon Trading                                      ', N'1486 Mtrad Road               ', N'RD12                          ', N'Oamaru                        ', N'North Otago                   ', N'Quon Mays                                         ', N'(03)897-3825   ', N'(021)548-9381  ', N'Quon.Trading@emailProvide.co.nz                   ', NULL);
INSERT AuctionClient (id, fullName, address1, address2, address3, province, contactPerson, phone, phone2, email, preferredNumber) VALUES (N'RIG58     ', N'Riggs Farms                                       ', N'309 Rgsfarms Road             ', N'RD15                          ', N'Oamaru                        ', N'North Otago                   ', N'Yoko Riggs                                        ', N'(03)854-4286   ', N'(021)310-9642  ', N'Riggs.Farms@emailProvide.co.nz                    ', NULL);
INSERT AuctionClient (id, fullName, address1, address2, address3, province, contactPerson, phone, phone2, email, preferredNumber) VALUES (N'RIN96     ', N'Rinah Mcmahon                                     ', N'2329 Mhmcma Road              ', N'RD6                           ', N'Oamaru                        ', N'North Otago                   ', N'Rinah Mcmahon                                     ', N'(03)515-2590   ', N'(021)837-1814  ', N'Rinah.Mcmahon@emailProvide.co.nz                  ', 81);
INSERT AuctionClient (id, fullName, address1, address2, address3, province, contactPerson, phone, phone2, email, preferredNumber) VALUES (N'ROA87     ', N'Roary Gillespie                                   ', N'1199 Grygill Road             ', N'RD8                           ', N'Oamaru                        ', N'North Otago                   ', N'Roary Gillespie                                   ', N'(03)290-3736   ', N'(021)530-2849  ', N'Roary.Gillespie@emailProvide.co.nz                ', 54);
INSERT AuctionClient (id, fullName, address1, address2, address3, province, contactPerson, phone, phone2, email, preferredNumber) VALUES (N'ROS88     ', N'Rosales Farms                                     ', N'2812 Rlesfarm Road            ', N'RD14                          ', N'Oamaru                        ', N'North Otago                   ', N'Elizabeth Rosales                                 ', N'(03)414-8115   ', N'(021)290-1538  ', N'Rosales.Farms@emailProvide.co.nz                  ', 61);
INSERT AuctionClient (id, fullName, address1, address2, address3, province, contactPerson, phone, phone2, email, preferredNumber) VALUES (N'SAM65     ', N'Samson Pollard                                    ', N'2039 Pnpoll Road              ', N'RD15                          ', N'Ashburton                     ', N'Mid Canterbury                ', N'Samson Pollard                                    ', N'(03)946-9385   ', N'(021)783-7149  ', N'Samson.Pollard@emailProvide.co.nz                 ', NULL);
INSERT AuctionClient (id, fullName, address1, address2, address3, province, contactPerson, phone, phone2, email, preferredNumber) VALUES (N'STE54     ', N'Stephanie Rodriguez                               ', N'4035 Rhanierodr Road          ', N'RD9                           ', N'Timaru                        ', N'South Canterbury              ', N'Stephanie Rodriguez                               ', N'(03)568-9203   ', N'(021)837-2178  ', N'Stephanie.Rodriguez@emailProvide.co.nz            ', NULL);
INSERT AuctionClient (id, fullName, address1, address2, address3, province, contactPerson, phone, phone2, email, preferredNumber) VALUES (N'SUK96     ', N'Suki Golden                                       ', N'3327 Gigolde Road             ', N'RD5                           ', N'Oamaru                        ', N'North Otago                   ', N'Suki Golden                                       ', N'(03)827-9773   ', N'(021)361-3942  ', N'Suki.Golden@emailProvide.co.nz                    ', NULL);
INSERT AuctionClient (id, fullName, address1, address2, address3, province, contactPerson, phone, phone2, email, preferredNumber) VALUES (N'SYD61     ', N'Sydnee Ayala                                      ', N'1492 Aeeayal Road             ', N'RD5                           ', N'Oamaru                        ', N'North Otago                   ', N'Sydnee Ayala                                      ', N'(03)800-2936   ', N'(021)187-4767  ', N'Sydnee.Ayala@emailProvide.co.nz                   ', NULL);
INSERT AuctionClient (id, fullName, address1, address2, address3, province, contactPerson, phone, phone2, email, preferredNumber) VALUES (N'URI16     ', N'Urielle Davidson                                  ', N'4839 Dielle Road              ', N'RD4                           ', N'Oamaru                        ', N'North Otago                   ', N'Urielle Davidson                                  ', N'(03)893-4516   ', N'(021)462-3519  ', N'Urielle.Davidson@emailProvide.co.nz               ', NULL);
INSERT AuctionClient (id, fullName, address1, address2, address3, province, contactPerson, phone, phone2, email, preferredNumber) VALUES (N'VAL46     ', N'Valenzuela Farms                                  ', N'2415 Vnzuela Road             ', N'RD12                          ', N'Timaru                        ', N'South Canterbury              ', N'Clinton Valenzuela                                ', N'(03)221-6872   ', N'(021)400-9607  ', N'Valenzuela.Farms@emailProvide.co.nz               ', 46);
INSERT AuctionClient (id, fullName, address1, address2, address3, province, contactPerson, phone, phone2, email, preferredNumber) VALUES (N'VER19     ', N'Vernon Mcgee                                      ', N'2171 Mnmcgee Road             ', N'RD14                          ', N'Waimate                       ', N'South Canterbury              ', N'Vernon Mcgee                                      ', N'(03)429-3306   ', N'(021)822-9878  ', N'Vernon.Mcgee@emailProvide.co.nz                   ', 64);
INSERT AuctionClient (id, fullName, address1, address2, address3, province, contactPerson, phone, phone2, email, preferredNumber) VALUES (N'VIO55     ', N'Violet Trading                                    ', N'1094 Gettrading Road          ', N'RD7                           ', N'Oamaru                        ', N'North Otago                   ', N'Violet Garner                                     ', N'(03)574-6581   ', N'(021)933-6326  ', N'Violet.Trading@emailProvide.co.nz                 ', NULL);
INSERT AuctionClient (id, fullName, address1, address2, address3, province, contactPerson, phone, phone2, email, preferredNumber) VALUES (N'WAN55     ', N'Wang Riley                                        ', N'3137 Rngrile Road             ', N'RD12                          ', N'Oamaru                        ', N'North Otago                   ', N'Wang Riley                                        ', N'(03)464-6413   ', N'(021)541-9186  ', N'Wang.Riley@emailProvide.co.nz                     ', 67);
INSERT AuctionClient (id, fullName, address1, address2, address3, province, contactPerson, phone, phone2, email, preferredNumber) VALUES (N'WHI59     ', N'Whitaker Farms                                    ', N'1127 Wtakerfarm Road          ', N'RD13                          ', N'Oamaru                        ', N'North Otago                   ', N'Silas Whitaker                                    ', N'(03)210-9623   ', N'(021)747-8607  ', N'Whitaker.Farms@emailProvide.co.nz                 ', 45);
INSERT AuctionClient (id, fullName, address1, address2, address3, province, contactPerson, phone, phone2, email, preferredNumber) VALUES (N'ZEP35     ', N'Zephania Houston                                  ', N'4111 Hphania Road             ', N'RD15                          ', N'Oamaru                        ', N'North Otago                   ', N'Zephania Houston                                  ', N'(03)483-4793   ', N'(021)789-8668  ', N'Zephania.Houston@emailProvide.co.nz               ', 71);


-- Clients at Auctions
DROP TABLE IF EXISTS AuctionClientAtAuction;
CREATE TABLE AuctionClientAtAuction(
	auctionId smallint NOT NULL,
	clientNumber smallint NOT NULL,
	clientID nchar(10) NOT NULL,
    PRIMARY KEY (auctionId, clientNumber)
 );
 
INSERT AuctionClientAtAuction (auctionId, clientNumber, clientID) VALUES (1619, 32, N'KIR77     ');
INSERT AuctionClientAtAuction (auctionId, clientNumber, clientID) VALUES (1619, 34, N'KYL15     ');
INSERT AuctionClientAtAuction (auctionId, clientNumber, clientID) VALUES (1619, 37, N'CEC74     ');
INSERT AuctionClientAtAuction (auctionId, clientNumber, clientID) VALUES (1619, 38, N'HER18     ');
INSERT AuctionClientAtAuction (auctionId, clientNumber, clientID) VALUES (1619, 39, N'MEG54     ');
INSERT AuctionClientAtAuction (auctionId, clientNumber, clientID) VALUES (1619, 40, N'AYA18     ');
INSERT AuctionClientAtAuction (auctionId, clientNumber, clientID) VALUES (1619, 41, N'BUR94     ');
INSERT AuctionClientAtAuction (auctionId, clientNumber, clientID) VALUES (1619, 42, N'DAN83     ');
INSERT AuctionClientAtAuction (auctionId, clientNumber, clientID) VALUES (1619, 43, N'CAR58     ');
INSERT AuctionClientAtAuction (auctionId, clientNumber, clientID) VALUES (1619, 45, N'WHI59     ');
INSERT AuctionClientAtAuction (auctionId, clientNumber, clientID) VALUES (1619, 46, N'VAL46     ');
INSERT AuctionClientAtAuction (auctionId, clientNumber, clientID) VALUES (1619, 48, N'MEL94     ');
INSERT AuctionClientAtAuction (auctionId, clientNumber, clientID) VALUES (1619, 49, N'AIK33     ');
INSERT AuctionClientAtAuction (auctionId, clientNumber, clientID) VALUES (1619, 54, N'ROA87     ');
INSERT AuctionClientAtAuction (auctionId, clientNumber, clientID) VALUES (1619, 56, N'MAR64     ');
INSERT AuctionClientAtAuction (auctionId, clientNumber, clientID) VALUES (1619, 57, N'GAN56     ');
INSERT AuctionClientAtAuction (auctionId, clientNumber, clientID) VALUES (1619, 58, N'BRE87     ');
INSERT AuctionClientAtAuction (auctionId, clientNumber, clientID) VALUES (1619, 59, N'LEE46     ');
INSERT AuctionClientAtAuction (auctionId, clientNumber, clientID) VALUES (1619, 60, N'ILL83     ');
INSERT AuctionClientAtAuction (auctionId, clientNumber, clientID) VALUES (1619, 61, N'ROS88     ');
INSERT AuctionClientAtAuction (auctionId, clientNumber, clientID) VALUES (1619, 62, N'CAM40     ');
INSERT AuctionClientAtAuction (auctionId, clientNumber, clientID) VALUES (1619, 63, N'NOL48     ');
INSERT AuctionClientAtAuction (auctionId, clientNumber, clientID) VALUES (1619, 64, N'VER19     ');
INSERT AuctionClientAtAuction (auctionId, clientNumber, clientID) VALUES (1619, 65, N'BIA84     ');
INSERT AuctionClientAtAuction (auctionId, clientNumber, clientID) VALUES (1619, 66, N'JOC56     ');
INSERT AuctionClientAtAuction (auctionId, clientNumber, clientID) VALUES (1619, 67, N'WAN55     ');
INSERT AuctionClientAtAuction (auctionId, clientNumber, clientID) VALUES (1619, 69, N'ADE85     ');
INSERT AuctionClientAtAuction (auctionId, clientNumber, clientID) VALUES (1619, 70, N'BRO56     ');
INSERT AuctionClientAtAuction (auctionId, clientNumber, clientID) VALUES (1619, 71, N'ZEP35     ');
INSERT AuctionClientAtAuction (auctionId, clientNumber, clientID) VALUES (1619, 73, N'MAR82     ');
INSERT AuctionClientAtAuction (auctionId, clientNumber, clientID) VALUES (1619, 74, N'BRI76     ');
INSERT AuctionClientAtAuction (auctionId, clientNumber, clientID) VALUES (1619, 75, N'AUT58     ');
INSERT AuctionClientAtAuction (auctionId, clientNumber, clientID) VALUES (1619, 76, N'HAS41     ');
INSERT AuctionClientAtAuction (auctionId, clientNumber, clientID) VALUES (1619, 77, N'MAC97     ');
INSERT AuctionClientAtAuction (auctionId, clientNumber, clientID) VALUES (1619, 78, N'DIL15     ');
INSERT AuctionClientAtAuction (auctionId, clientNumber, clientID) VALUES (1619, 79, N'ANA22     ');
INSERT AuctionClientAtAuction (auctionId, clientNumber, clientID) VALUES (1619, 80, N'INA96     ');
INSERT AuctionClientAtAuction (auctionId, clientNumber, clientID) VALUES (1619, 84, N'HAR50     ');
INSERT AuctionClientAtAuction (auctionId, clientNumber, clientID) VALUES (1619, 85, N'GER44     ');
INSERT AuctionClientAtAuction (auctionId, clientNumber, clientID) VALUES (1619, 86, N'JUL45     ');
INSERT AuctionClientAtAuction (auctionId, clientNumber, clientID) VALUES (1619, 87, N'GRA33     ');
INSERT AuctionClientAtAuction (auctionId, clientNumber, clientID) VALUES (1619, 88, N'HAN72     ');
INSERT AuctionClientAtAuction (auctionId, clientNumber, clientID) VALUES (1619, 100, N'BAR45     ');
INSERT AuctionClientAtAuction (auctionId, clientNumber, clientID) VALUES (1619, 101, N'BAR49     ');
INSERT AuctionClientAtAuction (auctionId, clientNumber, clientID) VALUES (1619, 120, N'CED89     ');
INSERT AuctionClientAtAuction (auctionId, clientNumber, clientID) VALUES (1619, 122, N'CHA55     ');
INSERT AuctionClientAtAuction (auctionId, clientNumber, clientID) VALUES (1619, 124, N'HUM53     ');
INSERT AuctionClientAtAuction (auctionId, clientNumber, clientID) VALUES (1619, 126, N'EME54     ');
INSERT AuctionClientAtAuction (auctionId, clientNumber, clientID) VALUES (1619, 128, N'EVE64     ');
INSERT AuctionClientAtAuction (auctionId, clientNumber, clientID) VALUES (1619, 130, N'FIT70     ');
INSERT AuctionClientAtAuction (auctionId, clientNumber, clientID) VALUES (1619, 132, N'FRA57     ');
INSERT AuctionClientAtAuction (auctionId, clientNumber, clientID) VALUES (1619, 134, N'LES38     ');
INSERT AuctionClientAtAuction (auctionId, clientNumber, clientID) VALUES (1619, 136, N'LEV53     ');
INSERT AuctionClientAtAuction (auctionId, clientNumber, clientID) VALUES (1619, 138, N'SAM65     ');
INSERT AuctionClientAtAuction (auctionId, clientNumber, clientID) VALUES (1619, 140, N'STE54     ');
INSERT AuctionClientAtAuction (auctionId, clientNumber, clientID) VALUES (1619, 142, N'SUK96     ');
INSERT AuctionClientAtAuction (auctionId, clientNumber, clientID) VALUES (1619, 144, N'SYD61     ');
INSERT AuctionClientAtAuction (auctionId, clientNumber, clientID) VALUES (1619, 146, N'VIO55     ');
INSERT AuctionClientAtAuction (auctionId, clientNumber, clientID) VALUES (1619, 148, N'URI16     ');
INSERT AuctionClientAtAuction (auctionId, clientNumber, clientID) VALUES (1619, 150, N'MCK18     ');
INSERT AuctionClientAtAuction (auctionId, clientNumber, clientID) VALUES (1619, 152, N'MCL46     ');
INSERT AuctionClientAtAuction (auctionId, clientNumber, clientID) VALUES (1619, 154, N'MAD58     ');
INSERT AuctionClientAtAuction (auctionId, clientNumber, clientID) VALUES (1619, 156, N'MAD86     ');
INSERT AuctionClientAtAuction (auctionId, clientNumber, clientID) VALUES (1619, 158, N'MAR13     ');
INSERT AuctionClientAtAuction (auctionId, clientNumber, clientID) VALUES (1619, 160, N'GIL21     ');
INSERT AuctionClientAtAuction (auctionId, clientNumber, clientID) VALUES (1620, 32, N'KIR77     ');
INSERT AuctionClientAtAuction (auctionId, clientNumber, clientID) VALUES (1620, 34, N'KYL15     ');
INSERT AuctionClientAtAuction (auctionId, clientNumber, clientID) VALUES (1620, 37, N'CEC74     ');
INSERT AuctionClientAtAuction (auctionId, clientNumber, clientID) VALUES (1620, 38, N'HER18     ');
INSERT AuctionClientAtAuction (auctionId, clientNumber, clientID) VALUES (1620, 39, N'MEG54     ');
INSERT AuctionClientAtAuction (auctionId, clientNumber, clientID) VALUES (1620, 40, N'AYA18     ');
INSERT AuctionClientAtAuction (auctionId, clientNumber, clientID) VALUES (1620, 41, N'BUR94     ');
INSERT AuctionClientAtAuction (auctionId, clientNumber, clientID) VALUES (1620, 42, N'DAN83     ');
INSERT AuctionClientAtAuction (auctionId, clientNumber, clientID) VALUES (1620, 43, N'CAR58     ');
INSERT AuctionClientAtAuction (auctionId, clientNumber, clientID) VALUES (1620, 45, N'WHI59     ');
INSERT AuctionClientAtAuction (auctionId, clientNumber, clientID) VALUES (1620, 46, N'VAL46     ');
INSERT AuctionClientAtAuction (auctionId, clientNumber, clientID) VALUES (1620, 48, N'MEL94     ');
INSERT AuctionClientAtAuction (auctionId, clientNumber, clientID) VALUES (1620, 49, N'AIK33     ');
INSERT AuctionClientAtAuction (auctionId, clientNumber, clientID) VALUES (1620, 54, N'ROA87     ');
INSERT AuctionClientAtAuction (auctionId, clientNumber, clientID) VALUES (1620, 56, N'MAR64     ');
INSERT AuctionClientAtAuction (auctionId, clientNumber, clientID) VALUES (1620, 57, N'GAN56     ');
INSERT AuctionClientAtAuction (auctionId, clientNumber, clientID) VALUES (1620, 58, N'BRE87     ');
INSERT AuctionClientAtAuction (auctionId, clientNumber, clientID) VALUES (1620, 59, N'LEE46     ');
INSERT AuctionClientAtAuction (auctionId, clientNumber, clientID) VALUES (1620, 60, N'ILL83     ');
INSERT AuctionClientAtAuction (auctionId, clientNumber, clientID) VALUES (1620, 61, N'ROS88     ');
INSERT AuctionClientAtAuction (auctionId, clientNumber, clientID) VALUES (1620, 62, N'CAM40     ');
INSERT AuctionClientAtAuction (auctionId, clientNumber, clientID) VALUES (1620, 63, N'NOL48     ');
INSERT AuctionClientAtAuction (auctionId, clientNumber, clientID) VALUES (1620, 64, N'VER19     ');
INSERT AuctionClientAtAuction (auctionId, clientNumber, clientID) VALUES (1620, 65, N'BIA84     ');
INSERT AuctionClientAtAuction (auctionId, clientNumber, clientID) VALUES (1620, 66, N'JOC56     ');
INSERT AuctionClientAtAuction (auctionId, clientNumber, clientID) VALUES (1620, 67, N'WAN55     ');
INSERT AuctionClientAtAuction (auctionId, clientNumber, clientID) VALUES (1620, 69, N'ADE85     ');
INSERT AuctionClientAtAuction (auctionId, clientNumber, clientID) VALUES (1620, 70, N'BRO56     ');
INSERT AuctionClientAtAuction (auctionId, clientNumber, clientID) VALUES (1620, 71, N'ZEP35     ');
INSERT AuctionClientAtAuction (auctionId, clientNumber, clientID) VALUES (1620, 73, N'MAR82     ');
INSERT AuctionClientAtAuction (auctionId, clientNumber, clientID) VALUES (1620, 74, N'BRI76     ');
INSERT AuctionClientAtAuction (auctionId, clientNumber, clientID) VALUES (1620, 75, N'AUT58     ');
INSERT AuctionClientAtAuction (auctionId, clientNumber, clientID) VALUES (1620, 76, N'HAS41     ');
INSERT AuctionClientAtAuction (auctionId, clientNumber, clientID) VALUES (1620, 77, N'MAC97     ');
INSERT AuctionClientAtAuction (auctionId, clientNumber, clientID) VALUES (1620, 78, N'DIL15     ');
INSERT AuctionClientAtAuction (auctionId, clientNumber, clientID) VALUES (1620, 79, N'ANA22     ');
INSERT AuctionClientAtAuction (auctionId, clientNumber, clientID) VALUES (1620, 80, N'INA96     ');
INSERT AuctionClientAtAuction (auctionId, clientNumber, clientID) VALUES (1620, 84, N'HAR50     ');
INSERT AuctionClientAtAuction (auctionId, clientNumber, clientID) VALUES (1620, 85, N'GER44     ');
INSERT AuctionClientAtAuction (auctionId, clientNumber, clientID) VALUES (1620, 86, N'JUL45     ');
INSERT AuctionClientAtAuction (auctionId, clientNumber, clientID) VALUES (1620, 87, N'FIT70     ');
INSERT AuctionClientAtAuction (auctionId, clientNumber, clientID) VALUES (1620, 88, N'SAM65     ');
INSERT AuctionClientAtAuction (auctionId, clientNumber, clientID) VALUES (1620, 100, N'BAR49     ');
INSERT AuctionClientAtAuction (auctionId, clientNumber, clientID) VALUES (1620, 101, N'EVE64     ');
INSERT AuctionClientAtAuction (auctionId, clientNumber, clientID) VALUES (1620, 120, N'CHA55     ');
INSERT AuctionClientAtAuction (auctionId, clientNumber, clientID) VALUES (1620, 122, N'SUK96     ');
INSERT AuctionClientAtAuction (auctionId, clientNumber, clientID) VALUES (1620, 124, N'STE54     ');
INSERT AuctionClientAtAuction (auctionId, clientNumber, clientID) VALUES (1620, 126, N'LEV53     ');
INSERT AuctionClientAtAuction (auctionId, clientNumber, clientID) VALUES (1620, 128, N'MAD58     ');
INSERT AuctionClientAtAuction (auctionId, clientNumber, clientID) VALUES (1620, 130, N'BAR45     ');
INSERT AuctionClientAtAuction (auctionId, clientNumber, clientID) VALUES (1620, 132, N'MCK18     ');
INSERT AuctionClientAtAuction (auctionId, clientNumber, clientID) VALUES (1620, 134, N'CED89     ');
INSERT AuctionClientAtAuction (auctionId, clientNumber, clientID) VALUES (1620, 136, N'GIL21     ');
INSERT AuctionClientAtAuction (auctionId, clientNumber, clientID) VALUES (1620, 138, N'GRA33     ');
INSERT AuctionClientAtAuction (auctionId, clientNumber, clientID) VALUES (1620, 140, N'MAR13     ');
INSERT AuctionClientAtAuction (auctionId, clientNumber, clientID) VALUES (1620, 142, N'SYD61     ');
INSERT AuctionClientAtAuction (auctionId, clientNumber, clientID) VALUES (1620, 144, N'EME54     ');
INSERT AuctionClientAtAuction (auctionId, clientNumber, clientID) VALUES (1620, 146, N'URI16     ');
INSERT AuctionClientAtAuction (auctionId, clientNumber, clientID) VALUES (1620, 148, N'FRA57     ');
INSERT AuctionClientAtAuction (auctionId, clientNumber, clientID) VALUES (1620, 150, N'HAN72     ');
INSERT AuctionClientAtAuction (auctionId, clientNumber, clientID) VALUES (1620, 152, N'VIO55     ');
INSERT AuctionClientAtAuction (auctionId, clientNumber, clientID) VALUES (1620, 154, N'LES38     ');
INSERT AuctionClientAtAuction (auctionId, clientNumber, clientID) VALUES (1620, 156, N'MCL46     ');
INSERT AuctionClientAtAuction (auctionId, clientNumber, clientID) VALUES (1620, 158, N'HUM53     ');
INSERT AuctionClientAtAuction (auctionId, clientNumber, clientID) VALUES (1620, 160, N'MAD86     ');

ALTER TABLE AuctionClientAtAuction ADD CONSTRAINT FK_AuctionClientAtAuction_AuctionDay FOREIGN KEY(auctionId)
REFERENCES AuctionDay(id);

ALTER TABLE AuctionClientAtAuction ADD CONSTRAINT FK_AuctionClientAtAuction_AuctionClient FOREIGN KEY(clientID)
REFERENCES AuctionClient(id);


-- StockAgency
DROP TABLE IF EXISTS StockAgency;
CREATE TABLE StockAgency(
	id nchar(5) NOT NULL,
	fullName nchar(50) NOT NULL,
	address1 nchar(30) NULL,
	address2 nchar(30) NULL,
	address3 nchar(30) NULL,
	province nchar(30) NULL,
	contactPerson nchar(50) NULL,
	phone nchar(15) NULL,
	phone2 nchar(15) NULL,
	email nchar(50) NULL,
    PRIMARY KEY (id)
);

INSERT StockAgency (id, fullName, address1, address2, address3, province, contactPerson, phone, phone2, email) VALUES (N'DALGE', N'Dalgeties                                         ', N'32 School Rd                  ', NULL, N'Waimate                       ', NULL, N'Bob Builder                                       ', N'(03) 555-1965  ', N'(021) 276-4532 ', N'bob@dalgeties.co.nz                               ');
INSERT StockAgency (id, fullName, address1, address2, address3, province, contactPerson, phone, phone2, email) VALUES (N'FARME', N'Farmers Stock Traders                             ', N'53 Queen Street               ', NULL, N'Temuka                        ', NULL, N'Arnold Nicklaus                                   ', N'(03) 555-9326  ', N'(021) 0123-3743', N'arnoldnicklaus@farmersstock.co.nz                 ');
INSERT StockAgency (id, fullName, address1, address2, address3, province, contactPerson, phone, phone2, email) VALUES (N'PGG  ', N'Pyne Gould Guiness Agency                         ', N'52 Sefton Street              ', NULL, N'Windwhistle                   ', NULL, N'Jane Jetson                                       ', N'(021) 555-12341', NULL, N'jane.jetson@pgga.co.nz                            ');

-- Stock Agents
DROP TABLE IF EXISTS StockAgent;
CREATE TABLE StockAgent(
	id nchar(10) NOT NULL,
	fullName nchar(50) NOT NULL,
	shortName nchar(10) NULL,
	stockAgency nchar(5) NOT NULL,
	phone nchar(15) NULL,
	phone2 nchar(15) NULL,
	email nchar(50) NULL,
	isAuctioneer bit NULL,
    PRIMARY KEY (id)
);

INSERT StockAgent (id, fullName, shortName, stockAgency, phone, phone2, email, isAuctioneer) VALUES (N'D_Big     ', N'Alister Byng                                      ', N'Big Al    ', N'DALGE', N'(03) 800-5036  ', N'(021) 966-1198 ', N'alister@dalgeties.co.nz                           ', 1);
INSERT StockAgent (id, fullName, shortName, stockAgency, phone, phone2, email, isAuctioneer) VALUES (N'D_Dav     ', N'Dave Doppler                                      ', N'Dave      ', N'DALGE', N'(03) 535-8357  ', N'(021) 184-6760 ', N'dave@dalgeties.co.nz                              ', 1);
INSERT StockAgent (id, fullName, shortName, stockAgency, phone, phone2, email, isAuctioneer) VALUES (N'D_Sli     ', N'Slim Baker                                        ', N'Slim      ', N'DALGE', N'(03) 317-4071  ', N'(021) 730-9334 ', N'slim@dalgeties.co.nz                              ', 1);
INSERT StockAgent (id, fullName, shortName, stockAgency, phone, phone2, email, isAuctioneer) VALUES (N'F_Dav     ', N'David Sidebottom                                  ', N'Dave      ', N'FARME', N'(03) 690-2926  ', N'(027) 780-1311 ', N'davidsidebottom@farmersstock.co.nz                ', 0);
INSERT StockAgent (id, fullName, shortName, stockAgency, phone, phone2, email, isAuctioneer) VALUES (N'F_Don     ', N'Donald Quagley                                    ', N'Don       ', N'FARME', N'(03) 138-9067  ', N'(027) 915-7349 ', N'donaldquagley@farmersstock.co.nz                  ', 1);
INSERT StockAgent (id, fullName, shortName, stockAgency, phone, phone2, email, isAuctioneer) VALUES (N'F_Leo     ', N'Leonardo Capris                                   ', N'Leo       ', N'FARME', N'(03) 898-3649  ', N'(027) 760-1756 ', N'leonardocapris@farmersstock.co.nz                 ', 0);
INSERT StockAgent (id, fullName, shortName, stockAgency, phone, phone2, email, isAuctioneer) VALUES (N'F_Mic     ', N'Michael Krueger                                   ', N'Mickey    ', N'FARME', N'(03) 326-1077  ', N'(027) 845-3084 ', N'michaelkrueger@farmersstock.co.nz                 ', 0);
INSERT StockAgent (id, fullName, shortName, stockAgency, phone, phone2, email, isAuctioneer) VALUES (N'F_Mik     ', N'Micheal Angel                                     ', N'Mike      ', N'FARME', N'(03) 801-4522  ', N'(027) 344-1892 ', N'michealangel@farmersstock.co.nz                   ', 1);
INSERT StockAgent (id, fullName, shortName, stockAgency, phone, phone2, email, isAuctioneer) VALUES (N'F_Ral     ', N'Ralph Wigwam                                      ', N'Ralph     ', N'FARME', N'(03) 378-2358  ', N'(027) 766-3079 ', N'ralphwigwam@farmersstock.co.nz                    ', 1);
INSERT StockAgent (id, fullName, shortName, stockAgency, phone, phone2, email, isAuctioneer) VALUES (N'F_Shr     ', N'Homer Palin                                       ', N'Shredder  ', N'FARME', N'(03) 544-5507  ', N'(027) 599-3458 ', N'homerpalin@farmersstock.co.nz                     ', 0);
INSERT StockAgent (id, fullName, shortName, stockAgency, phone, phone2, email, isAuctioneer) VALUES (N'P_Bar     ', N'Bart O''Keefe                                      ', N'Bart      ', N'PGG  ', N'(03) 559-4490  ', N'(021) 476-3622 ', N'bart.okeefe@pgga.co.nz                            ', 0);
INSERT StockAgent (id, fullName, shortName, stockAgency, phone, phone2, email, isAuctioneer) VALUES (N'P_Jan     ', N'Jane Jetson                                       ', N'Jane      ', N'PGG  ', N'(03) 234-7410  ', N'(021) 365-5063 ', N'jane.jetson@pgga.co.nz                            ', 1);
INSERT StockAgent (id, fullName, shortName, stockAgency, phone, phone2, email, isAuctioneer) VALUES (N'P_Lis     ', N'Lisa Andrewson                                    ', N'Lisa      ', N'PGG  ', N'(03) 122-5103  ', N'(021) 637-8020 ', N'lisa.andrewson@pgga.co.nz                         ', 0);

ALTER TABLE StockAgent ADD CONSTRAINT FK_StockAgent_StockAgency FOREIGN KEY(stockAgency)
REFERENCES StockAgency(id);


-- Cattle Lots
DROP TABLE IF EXISTS CattleLot;
CREATE TABLE CattleLot(
	auctionId nchar(5) NOT NULL,
	lotNumber smallint NOT NULL,
	auctionDay smallint NOT NULL,
	seller smallint NOT NULL,
	agent nchar(10) NOT NULL,
	breed nchar(20) NOT NULL,
	sex nchar(1) NOT NULL,
	age tinyint NOT NULL,
	quantity tinyint NOT NULL,
	averageWeight decimal(6,2) NULL,
	reserve decimal(5,2) NULL,
	auctioneer nchar(10) NULL,
	buyer smallint NULL,
	sellingPricePerKg decimal(5,2) NULL,
	lotSellingPrice decimal(8,2) AS ((quantity*averageWeight)*sellingPricePerKg),
	passedIn bit NULL,
    PRIMARY KEY (auctionId, lotNumber)
 );
 
INSERT CattleLot (auctionId, auctionDay, lotNumber, seller, agent, breed, sex, age, quantity, averageWeight, reserve, auctioneer, buyer, sellingPricePerKg, passedIn) VALUES (N'C1619', 1619, 1, 57, N'P_Jan     ', N'Angus               ', N'B', 2, 14,1023.00, NULL, N'P_Jan     ', 56, 3.1700, NULL);
INSERT CattleLot (auctionId, auctionDay, lotNumber, seller, agent, breed, sex, age, quantity, averageWeight, reserve, auctioneer, buyer, sellingPricePerKg, passedIn) VALUES (N'C1619', 1619, 2, 65, N'P_Bar     ', N'Angus X             ', N'S', 3, 2,901.00, NULL, N'F_Ral     ', 56, 3.0100, NULL);
INSERT CattleLot (auctionId, auctionDay, lotNumber, seller, agent, breed, sex, age, quantity, averageWeight, reserve, auctioneer, buyer, sellingPricePerKg, passedIn) VALUES (N'C1619', 1619, 3, 41, N'P_Jan     ', N'Hereford            ', N'B', 2, 6,861.00, NULL, N'P_Jan     ', 61, 3.0700, NULL);
INSERT CattleLot (auctionId, auctionDay, lotNumber, seller, agent, breed, sex, age, quantity, averageWeight, reserve, auctioneer, buyer, sellingPricePerKg, passedIn) VALUES (N'C1619', 1619, 4, 41, N'P_Jan     ', N'Angus               ', N'B', 2, 17,980.00, NULL, N'P_Jan     ', 65, 3.2400, NULL);
INSERT CattleLot (auctionId, auctionDay, lotNumber, seller, agent, breed, sex, age, quantity, averageWeight, reserve, auctioneer, buyer, sellingPricePerKg, passedIn) VALUES (N'C1619', 1619, 5, 78, N'D_Dav     ', N'Angus X             ', N'S', 2, 8,773.00, NULL, N'D_Dav     ', 78, 2.7000, NULL);
INSERT CattleLot (auctionId, auctionDay, lotNumber, seller, agent, breed, sex, age, quantity, averageWeight, reserve, auctioneer, buyer, sellingPricePerKg, passedIn) VALUES (N'C1619', 1619, 6, 86, N'F_Shr     ', N'Charolais           ', N'H', 2, 11,764.00, NULL, N'F_Ral     ', 65, 3.1200, NULL);
INSERT CattleLot (auctionId, auctionDay, lotNumber, seller, agent, breed, sex, age, quantity, averageWeight, reserve, auctioneer, buyer, sellingPricePerKg, passedIn) VALUES (N'C1619', 1619, 7, 43, N'F_Shr     ', N'Fresian             ', N'H', 2, 18,786.00, NULL, N'F_Mik     ', 54, 2.9700, NULL);
INSERT CattleLot (auctionId, auctionDay, lotNumber, seller, agent, breed, sex, age, quantity, averageWeight, reserve, auctioneer, buyer, sellingPricePerKg, passedIn) VALUES (N'C1619', 1619, 8, 87, N'P_Bar     ', N'Fresian X           ', N'B', 3, 3,652.00, NULL, N'P_Jan     ', 65, 3.0700, NULL);
INSERT CattleLot (auctionId, auctionDay, lotNumber, seller, agent, breed, sex, age, quantity, averageWeight, reserve, auctioneer, buyer, sellingPricePerKg, passedIn) VALUES (N'C1619', 1619, 9, 87, N'P_Bar     ', N'Angus               ', N'S', 3, 12,617.00, NULL, N'P_Jan     ', 46, 3.0000, NULL);
INSERT CattleLot (auctionId, auctionDay, lotNumber, seller, agent, breed, sex, age, quantity, averageWeight, reserve, auctioneer, buyer, sellingPricePerKg, passedIn) VALUES (N'C1619', 1619, 10, 43, N'F_Shr     ', N'Angus               ', N'S', 1, 2,818.00, NULL, N'F_Mik     ', 65, 2.8200, NULL);
INSERT CattleLot (auctionId, auctionDay, lotNumber, seller, agent, breed, sex, age, quantity, averageWeight, reserve, auctioneer, buyer, sellingPricePerKg, passedIn) VALUES (N'C1619', 1619, 11, 61, N'F_Mic     ', N'Beef X              ', N'S', 1, 17,841.00, NULL, N'F_Mik     ', 74, 3.0300, NULL);
INSERT CattleLot (auctionId, auctionDay, lotNumber, seller, agent, breed, sex, age, quantity, averageWeight, reserve, auctioneer, buyer, sellingPricePerKg, passedIn) VALUES (N'C1619', 1619, 12, 86, N'F_Shr     ', N'Angus               ', N'S', 2, 5,956.00, NULL, N'F_Ral     ', 62, 2.7000, NULL);
INSERT CattleLot (auctionId, auctionDay, lotNumber, seller, agent, breed, sex, age, quantity, averageWeight, reserve, auctioneer, buyer, sellingPricePerKg, passedIn) VALUES (N'C1619', 1619, 13, 58, N'P_Jan     ', N'Angus X             ', N'H', 2, 7,593.00, NULL, N'P_Jan     ', 62, 3.4700, NULL);
INSERT CattleLot (auctionId, auctionDay, lotNumber, seller, agent, breed, sex, age, quantity, averageWeight, reserve, auctioneer, buyer, sellingPricePerKg, passedIn) VALUES (N'C1619', 1619, 14, 39, N'F_Ral     ', N'Hereford            ', N'B', 3, 12,1004.00, NULL, N'F_Ral     ', 65, 3.4800, NULL);
INSERT CattleLot (auctionId, auctionDay, lotNumber, seller, agent, breed, sex, age, quantity, averageWeight, reserve, auctioneer, buyer, sellingPricePerKg, passedIn) VALUES (N'C1619', 1619, 15, 85, N'F_Leo     ', N'Angus               ', N'S', 3, 8,572.00, 3.0900, N'F_Mik     ', 77, 3.1300, NULL);
INSERT CattleLot (auctionId, auctionDay, lotNumber, seller, agent, breed, sex, age, quantity, averageWeight, reserve, auctioneer, buyer, sellingPricePerKg, passedIn) VALUES (N'C1619', 1619, 16, 39, N'F_Ral     ', N'Angus X             ', N'B', 3, 14,925.00, NULL, N'F_Ral     ', 59, 2.7400, NULL);
INSERT CattleLot (auctionId, auctionDay, lotNumber, seller, agent, breed, sex, age, quantity, averageWeight, reserve, auctioneer, buyer, sellingPricePerKg, passedIn) VALUES (N'C1619', 1619, 17, 39, N'F_Ral     ', N'Charolais           ', N'B', 2, 6,590.00, NULL, N'F_Ral     ', 46, 3.1600, NULL);
INSERT CattleLot (auctionId, auctionDay, lotNumber, seller, agent, breed, sex, age, quantity, averageWeight, reserve, auctioneer, buyer, sellingPricePerKg, passedIn) VALUES (N'C1619', 1619, 18, 43, N'F_Shr     ', N'Fresian             ', N'S', 2, 14,1009.00, NULL, N'F_Ral     ', 60, 3.4800, NULL);
INSERT CattleLot (auctionId, auctionDay, lotNumber, seller, agent, breed, sex, age, quantity, averageWeight, reserve, auctioneer, buyer, sellingPricePerKg, passedIn) VALUES (N'C1619', 1619, 19, 77, N'F_Don     ', N'Fresian X           ', N'H', 2, 11,869.00, NULL, N'F_Don     ', 78, 2.7300, NULL);
INSERT CattleLot (auctionId, auctionDay, lotNumber, seller, agent, breed, sex, age, quantity, averageWeight, reserve, auctioneer, buyer, sellingPricePerKg, passedIn) VALUES (N'C1619', 1619, 20, 60, N'D_Dav     ', N'Angus               ', N'H', 2, 7,903.00, NULL, N'D_Dav     ', 79, 2.7800, NULL);
INSERT CattleLot (auctionId, auctionDay, lotNumber, seller, agent, breed, sex, age, quantity, averageWeight, reserve, auctioneer, buyer, sellingPricePerKg, passedIn) VALUES (N'C1619', 1619, 21, 74, N'F_Don     ', N'Angus               ', N'B', 4, 18,1063.00, NULL, N'F_Don     ', 78, 2.6500, NULL);
INSERT CattleLot (auctionId, auctionDay, lotNumber, seller, agent, breed, sex, age, quantity, averageWeight, reserve, auctioneer, buyer, sellingPricePerKg, passedIn) VALUES (N'C1619', 1619, 22, 70, N'P_Bar     ', N'Angus               ', N'S', 4, 19,1021.00, NULL, N'P_Jan     ', 80, 2.9300, NULL);
INSERT CattleLot (auctionId, auctionDay, lotNumber, seller, agent, breed, sex, age, quantity, averageWeight, reserve, auctioneer, buyer, sellingPricePerKg, passedIn) VALUES (N'C1619', 1619, 23, 87, N'P_Bar     ', N'Angus X             ', N'S', 2, 4,749.00, NULL, N'P_Jan     ', 61, 3.2400, NULL);
INSERT CattleLot (auctionId, auctionDay, lotNumber, seller, agent, breed, sex, age, quantity, averageWeight, reserve, auctioneer, buyer, sellingPricePerKg, passedIn) VALUES (N'C1619', 1619, 24, 37, N'F_Mic     ', N'Hereford            ', N'S', 3, 14,627.00, NULL, N'F_Don     ', 48, 2.8900, NULL);
INSERT CattleLot (auctionId, auctionDay, lotNumber, seller, agent, breed, sex, age, quantity, averageWeight, reserve, auctioneer, buyer, sellingPricePerKg, passedIn) VALUES (N'C1619', 1619, 25, 41, N'P_Jan     ', N'Angus               ', N'S', 2, 8,1018.00, NULL, N'P_Jan     ', 56, 2.8800, NULL);
INSERT CattleLot (auctionId, auctionDay, lotNumber, seller, agent, breed, sex, age, quantity, averageWeight, reserve, auctioneer, buyer, sellingPricePerKg, passedIn) VALUES (N'C1619', 1619, 26, 38, N'P_Jan     ', N'Angus X             ', N'H', 2, 16,680.00, NULL, N'P_Jan     ', 39, 3.4500, NULL);
INSERT CattleLot (auctionId, auctionDay, lotNumber, seller, agent, breed, sex, age, quantity, averageWeight, reserve, auctioneer, buyer, sellingPricePerKg, passedIn) VALUES (N'C1619', 1619, 27, 85, N'F_Leo     ', N'Charolais           ', N'B', 2, 6,669.00, NULL, N'F_Mik     ', 60, 2.9000, NULL);
INSERT CattleLot (auctionId, auctionDay, lotNumber, seller, agent, breed, sex, age, quantity, averageWeight, reserve, auctioneer, buyer, sellingPricePerKg, passedIn) VALUES (N'C1619', 1619, 28, 69, N'D_Dav     ', N'Fresian             ', N'S', 2, 5,675.00, NULL, N'D_Dav     ', 61, 3.5000, NULL);
INSERT CattleLot (auctionId, auctionDay, lotNumber, seller, agent, breed, sex, age, quantity, averageWeight, reserve, auctioneer, buyer, sellingPricePerKg, passedIn) VALUES (N'C1619', 1619, 29, 69, N'D_Dav     ', N'Fresian X           ', N'B', 2, 9,1007.00, NULL, N'D_Dav     ', 61, 2.8700, NULL);
INSERT CattleLot (auctionId, auctionDay, lotNumber, seller, agent, breed, sex, age, quantity, averageWeight, reserve, auctioneer, buyer, sellingPricePerKg, passedIn) VALUES (N'C1619', 1619, 30, 41, N'P_Jan     ', N'Angus               ', N'B', 3, 3,996.00, NULL, N'P_Jan     ', 66, 2.9300, NULL);
INSERT CattleLot (auctionId, auctionDay, lotNumber, seller, agent, breed, sex, age, quantity, averageWeight, reserve, auctioneer, buyer, sellingPricePerKg, passedIn) VALUES (N'C1619', 1619, 31, 69, N'D_Dav     ', N'Angus               ', N'S', 3, 9,850.00, NULL, N'D_Dav     ', 62, 2.7500, NULL);
INSERT CattleLot (auctionId, auctionDay, lotNumber, seller, agent, breed, sex, age, quantity, averageWeight, reserve, auctioneer, buyer, sellingPricePerKg, passedIn) VALUES (N'C1619', 1619, 32, 69, N'D_Dav     ', N'Angus               ', N'H', 1, 17,894.00, NULL, N'D_Dav     ', 59, 2.8800, NULL);
INSERT CattleLot (auctionId, auctionDay, lotNumber, seller, agent, breed, sex, age, quantity, averageWeight, reserve, auctioneer, buyer, sellingPricePerKg, passedIn) VALUES (N'C1619', 1619, 33, 88, N'F_Mik     ', N'Angus X             ', N'H', 1, 15,618.00, NULL, N'F_Mik     ', 75, 2.7800, NULL);
INSERT CattleLot (auctionId, auctionDay, lotNumber, seller, agent, breed, sex, age, quantity, averageWeight, reserve, auctioneer, buyer, sellingPricePerKg, passedIn) VALUES (N'C1619', 1619, 34, 58, N'P_Jan     ', N'Hereford            ', N'B', 2, 12,598.00, NULL, N'P_Jan     ', 63, 2.6600, NULL);
INSERT CattleLot (auctionId, auctionDay, lotNumber, seller, agent, breed, sex, age, quantity, averageWeight, reserve, auctioneer, buyer, sellingPricePerKg, passedIn) VALUES (N'C1619', 1619, 35, 69, N'D_Dav     ', N'Angus               ', N'S', 2, 6,854.00, NULL, N'D_Dav     ', 60, 2.6300, NULL);
INSERT CattleLot (auctionId, auctionDay, lotNumber, seller, agent, breed, sex, age, quantity, averageWeight, reserve, auctioneer, buyer, sellingPricePerKg, passedIn) VALUES (N'C1619', 1619, 36, 65, N'P_Bar     ', N'Angus X             ', N'S', 3, 19,1084.00, NULL, N'F_Ral     ', 60, 3.5000, NULL);
INSERT CattleLot (auctionId, auctionDay, lotNumber, seller, agent, breed, sex, age, quantity, averageWeight, reserve, auctioneer, buyer, sellingPricePerKg, passedIn) VALUES (N'C1619', 1619, 37, 87, N'P_Bar     ', N'Charolais           ', N'S', 3, 4,624.00, NULL, N'P_Jan     ', 79, 3.2900, NULL);
INSERT CattleLot (auctionId, auctionDay, lotNumber, seller, agent, breed, sex, age, quantity, averageWeight, reserve, auctioneer, buyer, sellingPricePerKg, passedIn) VALUES (N'C1619', 1619, 38, 61, N'F_Mic     ', N'Fresian             ', N'S', 3, 8,659.00, NULL, N'F_Mik     ', 66, 2.6100, NULL);
INSERT CattleLot (auctionId, auctionDay, lotNumber, seller, agent, breed, sex, age, quantity, averageWeight, reserve, auctioneer, buyer, sellingPricePerKg, passedIn) VALUES (N'C1619', 1619, 39, 41, N'P_Jan     ', N'Fresian X           ', N'H', 2, 7,563.00, 3.4700, N'P_Jan     ', 62, NULL, 1);
INSERT CattleLot (auctionId, auctionDay, lotNumber, seller, agent, breed, sex, age, quantity, averageWeight, reserve, auctioneer, buyer, sellingPricePerKg, passedIn) VALUES (N'C1619', 1619, 40, 58, N'P_Jan     ', N'Angus               ', N'B', 2, 5,992.00, NULL, N'P_Jan     ', 54, 2.9800, NULL);
INSERT CattleLot (auctionId, auctionDay, lotNumber, seller, agent, breed, sex, age, quantity, averageWeight, reserve, auctioneer, buyer, sellingPricePerKg, passedIn) VALUES (N'C1619', 1619, 41, 60, N'D_Dav     ', N'Angus               ', N'S', 2, 20,751.00, NULL, N'D_Dav     ', 56, 2.7200, NULL);
INSERT CattleLot (auctionId, auctionDay, lotNumber, seller, agent, breed, sex, age, quantity, averageWeight, reserve, auctioneer, buyer, sellingPricePerKg, passedIn) VALUES (N'C1619', 1619, 42, 42, N'F_Don     ', N'Angus               ', N'B', 2, 6,677.00, NULL, N'F_Don     ', 60, 3.1600, NULL);
INSERT CattleLot (auctionId, auctionDay, lotNumber, seller, agent, breed, sex, age, quantity, averageWeight, reserve, auctioneer, buyer, sellingPricePerKg, passedIn) VALUES (N'C1619', 1619, 43, 32, N'P_Lis     ', N'Angus X             ', N'B', 4, 2,829.00, NULL, N'P_Jan     ', 79, 3.3500, NULL);
INSERT CattleLot (auctionId, auctionDay, lotNumber, seller, agent, breed, sex, age, quantity, averageWeight, reserve, auctioneer, buyer, sellingPricePerKg, passedIn) VALUES (N'C1619', 1619, 44, 37, N'F_Mic     ', N'Hereford            ', N'S', 2, 20,970.00, NULL, N'F_Don     ', 74, 3.3900, NULL);
INSERT CattleLot (auctionId, auctionDay, lotNumber, seller, agent, breed, sex, age, quantity, averageWeight, reserve, auctioneer, buyer, sellingPricePerKg, passedIn) VALUES (N'C1619', 1619, 45, 86, N'F_Shr     ', N'Angus               ', N'H', 3, 7,545.00, NULL, N'F_Mik     ', 80, 3.1000, NULL);
INSERT CattleLot (auctionId, auctionDay, lotNumber, seller, agent, breed, sex, age, quantity, averageWeight, reserve, auctioneer, buyer, sellingPricePerKg, passedIn) VALUES (N'C1619', 1619, 46, 65, N'P_Bar     ', N'Angus X             ', N'H', 2, 14,844.00, NULL, N'F_Ral     ', 61, 2.9700, NULL);
INSERT CattleLot (auctionId, auctionDay, lotNumber, seller, agent, breed, sex, age, quantity, averageWeight, reserve, auctioneer, buyer, sellingPricePerKg, passedIn) VALUES (N'C1619', 1619, 49, 101, N'F_Dav     ', N'Fresian X           ', N'S', 2, 6,694.00, NULL, N'F_Mik     ', 62, 2.7100, NULL);
INSERT CattleLot (auctionId, auctionDay, lotNumber, seller, agent, breed, sex, age, quantity, averageWeight, reserve, auctioneer, buyer, sellingPricePerKg, passedIn) VALUES (N'C1619', 1619, 50, 84, N'F_Shr     ', N'Angus               ', N'S', 2, 2,949.00, NULL, N'F_Ral     ', 62, 2.7000, NULL);
INSERT CattleLot (auctionId, auctionDay, lotNumber, seller, agent, breed, sex, age, quantity, averageWeight, reserve, auctioneer, buyer, sellingPricePerKg, passedIn) VALUES (N'C1619', 1619, 51, 42, N'F_Don     ', N'Angus               ', N'S', 3, 9,891.00, NULL, N'F_Don     ', 78, 3.2400, NULL);
INSERT CattleLot (auctionId, auctionDay, lotNumber, seller, agent, breed, sex, age, quantity, averageWeight, reserve, auctioneer, buyer, sellingPricePerKg, passedIn) VALUES (N'C1619', 1619, 52, 42, N'F_Don     ', N'Angus               ', N'H', 3, 11,688.00, NULL, N'F_Don     ', 63, 3.3600, NULL);
INSERT CattleLot (auctionId, auctionDay, lotNumber, seller, agent, breed, sex, age, quantity, averageWeight, reserve, auctioneer, buyer, sellingPricePerKg, passedIn) VALUES (N'C1619', 1619, 53, 65, N'P_Bar     ', N'Angus X             ', N'B', 1, 5,677.00, NULL, N'F_Ral     ', 65, 2.9200, NULL);
INSERT CattleLot (auctionId, auctionDay, lotNumber, seller, agent, breed, sex, age, quantity, averageWeight, reserve, auctioneer, buyer, sellingPricePerKg, passedIn) VALUES (N'C1619', 1619, 54, 78, N'D_Dav     ', N'Hereford            ', N'S', 1, 9,993.00, NULL, N'D_Dav     ', 79, 2.6300, NULL);
INSERT CattleLot (auctionId, auctionDay, lotNumber, seller, agent, breed, sex, age, quantity, averageWeight, reserve, auctioneer, buyer, sellingPricePerKg, passedIn) VALUES (N'C1619', 1619, 55, 43, N'F_Shr     ', N'Angus               ', N'B', 2, 2,959.00, NULL, N'F_Ral     ', 75, 2.6700, NULL);
INSERT CattleLot (auctionId, auctionDay, lotNumber, seller, agent, breed, sex, age, quantity, averageWeight, reserve, auctioneer, buyer, sellingPricePerKg, passedIn) VALUES (N'C1619', 1619, 56, 87, N'P_Bar     ', N'Angus X             ', N'B', 2, 1,530.00, NULL, N'P_Jan     ', 62, 2.8300, NULL);
INSERT CattleLot (auctionId, auctionDay, lotNumber, seller, agent, breed, sex, age, quantity, averageWeight, reserve, auctioneer, buyer, sellingPricePerKg, passedIn) VALUES (N'C1619', 1619, 57, 78, N'D_Dav     ', N'Charolais           ', N'S', 3, 4,602.00, NULL, N'D_Dav     ', 61, 2.6500, NULL);
INSERT CattleLot (auctionId, auctionDay, lotNumber, seller, agent, breed, sex, age, quantity, averageWeight, reserve, auctioneer, buyer, sellingPricePerKg, passedIn) VALUES (N'C1619', 1619, 58, 84, N'F_Shr     ', N'Fresian             ', N'H', 3, 11,569.00, 3.3000, N'F_Ral     ', 80, NULL, 1);
INSERT CattleLot (auctionId, auctionDay, lotNumber, seller, agent, breed, sex, age, quantity, averageWeight, reserve, auctioneer, buyer, sellingPricePerKg, passedIn) VALUES (N'C1619', 1619, 59, 58, N'P_Jan     ', N'Fresian X           ', N'H', 3, 14,864.00, NULL, N'P_Jan     ', 80, 3.0600, NULL);
INSERT CattleLot (auctionId, auctionDay, lotNumber, seller, agent, breed, sex, age, quantity, averageWeight, reserve, auctioneer, buyer, sellingPricePerKg, passedIn) VALUES (N'C1619', 1619, 60, 76, N'D_Big     ', N'Angus               ', N'B', 2, 3,577.00, NULL, N'D_Big     ', 62, 3.3600, NULL);
INSERT CattleLot (auctionId, auctionDay, lotNumber, seller, agent, breed, sex, age, quantity, averageWeight, reserve, auctioneer, buyer, sellingPricePerKg, passedIn) VALUES (N'C1619', 1619, 61, 39, N'F_Ral     ', N'Angus               ', N'S', 2, 8,617.00, NULL, N'F_Ral     ', 48, 3.2400, NULL);
INSERT CattleLot (auctionId, auctionDay, lotNumber, seller, agent, breed, sex, age, quantity, averageWeight, reserve, auctioneer, buyer, sellingPricePerKg, passedIn) VALUES (N'C1619', 1619, 62, 88, N'F_Mik     ', N'Angus               ', N'S', 2, 20,558.00, 2.4700, N'F_Mik     ', 61, 2.7300, NULL);
INSERT CattleLot (auctionId, auctionDay, lotNumber, seller, agent, breed, sex, age, quantity, averageWeight, reserve, auctioneer, buyer, sellingPricePerKg, passedIn) VALUES (N'C1619', 1619, 63, 88, N'F_Mik     ', N'Angus X             ', N'S', 2, 12,766.00, NULL, N'F_Mik     ', 56, 3.2800, NULL);
INSERT CattleLot (auctionId, auctionDay, lotNumber, seller, agent, breed, sex, age, quantity, averageWeight, reserve, auctioneer, buyer, sellingPricePerKg, passedIn) VALUES (N'C1619', 1619, 64, 85, N'F_Leo     ', N'Hereford            ', N'S', 4, 5,930.00, NULL, N'F_Mik     ', 48, 2.8200, NULL);
INSERT CattleLot (auctionId, auctionDay, lotNumber, seller, agent, breed, sex, age, quantity, averageWeight, reserve, auctioneer, buyer, sellingPricePerKg, passedIn) VALUES (N'C1619', 1619, 65, 59, N'D_Dav     ', N'Angus               ', N'H', 2, 16,1100.00, NULL, N'D_Dav     ', 64, 3.0300, NULL);
INSERT CattleLot (auctionId, auctionDay, lotNumber, seller, agent, breed, sex, age, quantity, averageWeight, reserve, auctioneer, buyer, sellingPricePerKg, passedIn) VALUES (N'C1619', 1619, 66, 32, N'P_Lis     ', N'Angus X             ', N'B', 3, 8,944.00, NULL, N'P_Jan     ', 65, 3.2100, NULL);
INSERT CattleLot (auctionId, auctionDay, lotNumber, seller, agent, breed, sex, age, quantity, averageWeight, reserve, auctioneer, buyer, sellingPricePerKg, passedIn) VALUES (N'C1619', 1619, 67, 101, N'F_Dav     ', N'Charolais           ', N'S', 2, 5,1088.00, NULL, N'F_Mik     ', 77, 3.1700, NULL);
INSERT CattleLot (auctionId, auctionDay, lotNumber, seller, agent, breed, sex, age, quantity, averageWeight, reserve, auctioneer, buyer, sellingPricePerKg, passedIn) VALUES (N'C1619', 1619, 68, 57, N'P_Jan     ', N'Fresian             ', N'B', 2, 3,948.00, NULL, N'P_Jan     ', 48, 3.3400, NULL);
INSERT CattleLot (auctionId, auctionDay, lotNumber, seller, agent, breed, sex, age, quantity, averageWeight, reserve, auctioneer, buyer, sellingPricePerKg, passedIn) VALUES (N'C1619', 1619, 69, 60, N'D_Dav     ', N'Fresian X           ', N'B', 2, 9,520.00, NULL, N'D_Dav     ', 79, 2.8400, NULL);
INSERT CattleLot (auctionId, auctionDay, lotNumber, seller, agent, breed, sex, age, quantity, averageWeight, reserve, auctioneer, buyer, sellingPricePerKg, passedIn) VALUES (N'C1619', 1619, 70, 40, N'F_Dav     ', N'Angus               ', N'S', 2, 9,867.00, NULL, N'F_Don     ', 63, 2.7100, NULL);
INSERT CattleLot (auctionId, auctionDay, lotNumber, seller, agent, breed, sex, age, quantity, averageWeight, reserve, auctioneer, buyer, sellingPricePerKg, passedIn) VALUES (N'C1619', 1619, 71, 49, N'F_Mik     ', N'Angus               ', N'H', 2, 4,506.00, NULL, N'F_Mik     ', 64, 2.9600, NULL);
INSERT CattleLot (auctionId, auctionDay, lotNumber, seller, agent, breed, sex, age, quantity, averageWeight, reserve, auctioneer, buyer, sellingPricePerKg, passedIn) VALUES (N'C1619', 1619, 72, 32, N'P_Lis     ', N'Angus               ', N'H', 3, 5,1065.00, NULL, N'P_Jan     ', 61, 3.0700, NULL);
INSERT CattleLot (auctionId, auctionDay, lotNumber, seller, agent, breed, sex, age, quantity, averageWeight, reserve, auctioneer, buyer, sellingPricePerKg, passedIn) VALUES (N'C1619', 1619, 73, 58, N'P_Jan     ', N'Angus X             ', N'B', 3, 10,915.00, NULL, N'P_Jan     ', 63, 2.6000, NULL);
INSERT CattleLot (auctionId, auctionDay, lotNumber, seller, agent, breed, sex, age, quantity, averageWeight, reserve, auctioneer, buyer, sellingPricePerKg, passedIn) VALUES (N'C1619', 1619, 74, 65, N'P_Bar     ', N'Hereford            ', N'S', 1, 4,831.00, NULL, N'F_Ral     ', 75, 2.7200, NULL);
INSERT CattleLot (auctionId, auctionDay, lotNumber, seller, agent, breed, sex, age, quantity, averageWeight, reserve, auctioneer, buyer, sellingPricePerKg, passedIn) VALUES (N'C1619', 1619, 75, 39, N'F_Ral     ', N'Angus               ', N'S', 1, 14,923.00, NULL, N'F_Ral     ', 73, 3.0000, NULL);
INSERT CattleLot (auctionId, auctionDay, lotNumber, seller, agent, breed, sex, age, quantity, averageWeight, reserve, auctioneer, buyer, sellingPricePerKg, passedIn) VALUES (N'C1619', 1619, 76, 38, N'P_Jan     ', N'Angus X             ', N'S', 2, 18,653.00, NULL, N'P_Jan     ', 60, 3.1700, NULL);
INSERT CattleLot (auctionId, auctionDay, lotNumber, seller, agent, breed, sex, age, quantity, averageWeight, reserve, auctioneer, buyer, sellingPricePerKg, passedIn) VALUES (N'C1619', 1619, 77, 41, N'P_Jan     ', N'Charolais           ', N'S', 2, 13,909.00, NULL, N'P_Jan     ', 39, 2.8800, NULL);
INSERT CattleLot (auctionId, auctionDay, lotNumber, seller, agent, breed, sex, age, quantity, averageWeight, reserve, auctioneer, buyer, sellingPricePerKg, passedIn) VALUES (N'C1619', 1619, 78, 58, N'P_Jan     ', N'Fresian             ', N'H', 3, 7,680.00, NULL, N'P_Jan     ', 65, 2.9200, NULL);
INSERT CattleLot (auctionId, auctionDay, lotNumber, seller, agent, breed, sex, age, quantity, averageWeight, reserve, auctioneer, buyer, sellingPricePerKg, passedIn) VALUES (N'C1619', 1619, 79, 58, N'P_Jan     ', N'Fresian X           ', N'B', 3, 1,507.00, NULL, N'P_Jan     ', 66, 3.2800, NULL);
INSERT CattleLot (auctionId, auctionDay, lotNumber, seller, agent, breed, sex, age, quantity, averageWeight, reserve, auctioneer, buyer, sellingPricePerKg, passedIn) VALUES (N'C1619', 1619, 80, 39, N'F_Ral     ', N'Angus               ', N'S', 3, 15,814.00, NULL, N'F_Ral     ', 54, 3.2600, NULL);
INSERT CattleLot (auctionId, auctionDay, lotNumber, seller, agent, breed, sex, age, quantity, averageWeight, reserve, auctioneer, buyer, sellingPricePerKg, passedIn) VALUES (N'C1619', 1619, 81, 61, N'F_Mic     ', N'Angus               ', N'B', 2, 7,788.00, NULL, N'F_Mik     ', 77, 3.4900, NULL);
INSERT CattleLot (auctionId, auctionDay, lotNumber, seller, agent, breed, sex, age, quantity, averageWeight, reserve, auctioneer, buyer, sellingPricePerKg, passedIn) VALUES (N'C1619', 1619, 82, 43, N'F_Shr     ', N'Angus               ', N'B', 2, 12,710.00, NULL, N'F_Mik     ', 65, 3.0100, NULL);
INSERT CattleLot (auctionId, auctionDay, lotNumber, seller, agent, breed, sex, age, quantity, averageWeight, reserve, auctioneer, buyer, sellingPricePerKg, passedIn) VALUES (N'C1619', 1619, 83, 43, N'F_Shr     ', N'Angus X             ', N'S', 2, 3,904.00, NULL, N'F_Mik     ', 64, 3.4500, NULL);
INSERT CattleLot (auctionId, auctionDay, lotNumber, seller, agent, breed, sex, age, quantity, averageWeight, reserve, auctioneer, buyer, sellingPricePerKg, passedIn) VALUES (N'C1619', 1619, 84, 41, N'P_Jan     ', N'Hereford            ', N'H', 2, 9,568.00, 1.6100, N'P_Jan     ', 65, 2.6100, NULL);
INSERT CattleLot (auctionId, auctionDay, lotNumber, seller, agent, breed, sex, age, quantity, averageWeight, reserve, auctioneer, buyer, sellingPricePerKg, passedIn) VALUES (N'C1619', 1619, 85, 86, N'F_Shr     ', N'Angus               ', N'H', 4, 5,876.00, NULL, N'F_Ral     ', 63, 2.6600, NULL);
INSERT CattleLot (auctionId, auctionDay, lotNumber, seller, agent, breed, sex, age, quantity, averageWeight, reserve, auctioneer, buyer, sellingPricePerKg, passedIn) VALUES (N'C1619', 1619, 86, 101, N'F_Dav     ', N'Angus X             ', N'B', 2, 14,585.00, NULL, N'F_Mik     ', 65, 3.4600, NULL);
INSERT CattleLot (auctionId, auctionDay, lotNumber, seller, agent, breed, sex, age, quantity, averageWeight, reserve, auctioneer, buyer, sellingPricePerKg, passedIn) VALUES (N'C1619', 1619, 87, 43, N'F_Shr     ', N'Charolais           ', N'S', 3, 20,786.00, NULL, N'F_Mik     ', 46, 2.8800, NULL);
INSERT CattleLot (auctionId, auctionDay, lotNumber, seller, agent, breed, sex, age, quantity, averageWeight, reserve, auctioneer, buyer, sellingPricePerKg, passedIn) VALUES (N'C1619', 1619, 88, 34, N'F_Mic     ', N'Fresian             ', N'S', 2, 7,985.00, NULL, N'F_Don     ', 48, 3.2500, NULL);
INSERT CattleLot (auctionId, auctionDay, lotNumber, seller, agent, breed, sex, age, quantity, averageWeight, reserve, auctioneer, buyer, sellingPricePerKg, passedIn) VALUES (N'C1619', 1619, 89, 84, N'F_Shr     ', N'Fresian X           ', N'S', 2, 2,1096.00, NULL, N'F_Ral     ', 63, 3.0400, NULL);
INSERT CattleLot (auctionId, auctionDay, lotNumber, seller, agent, breed, sex, age, quantity, averageWeight, reserve, auctioneer, buyer, sellingPricePerKg, passedIn) VALUES (N'C1619', 1619, 90, 41, N'P_Jan     ', N'Angus               ', N'S', 2, 11,755.00, NULL, N'P_Jan     ', 79, 3.1600, NULL);
INSERT CattleLot (auctionId, auctionDay, lotNumber, seller, agent, breed, sex, age, quantity, averageWeight, reserve, auctioneer, buyer, sellingPricePerKg, passedIn) VALUES (N'C1619', 1619, 91, 58, N'P_Jan     ', N'Angus               ', N'H', 2, 9,729.00, NULL, N'P_Jan     ', 73, 2.9300, NULL);
INSERT CattleLot (auctionId, auctionDay, lotNumber, seller, agent, breed, sex, age, quantity, averageWeight, reserve, auctioneer, buyer, sellingPricePerKg, passedIn) VALUES (N'C1619', 1619, 92, 86, N'F_Shr     ', N'Angus               ', N'B', 2, 2,997.00, NULL, N'F_Ral     ', 74, 3.2100, NULL);
INSERT CattleLot (auctionId, auctionDay, lotNumber, seller, agent, breed, sex, age, quantity, averageWeight, reserve, auctioneer, buyer, sellingPricePerKg, passedIn) VALUES (N'C1619', 1619, 93, 61, N'F_Mic     ', N'Angus X             ', N'S', 3, 10,583.00, NULL, N'F_Mik     ', 61, 3.0400, NULL);
INSERT CattleLot (auctionId, auctionDay, lotNumber, seller, agent, breed, sex, age, quantity, averageWeight, reserve, auctioneer, buyer, sellingPricePerKg, passedIn) VALUES (N'C1619', 1619, 94, 85, N'F_Leo     ', N'Hereford            ', N'B', 3, 8,571.00, 3.4200, N'F_Mik     ', 59, 3.4800, NULL);
INSERT CattleLot (auctionId, auctionDay, lotNumber, seller, agent, breed, sex, age, quantity, averageWeight, reserve, auctioneer, buyer, sellingPricePerKg, passedIn) VALUES (N'C1619', 1619, 95, 69, N'D_Dav     ', N'Angus               ', N'B', 1, 8,889.00, NULL, N'D_Dav     ', 46, 3.2500, NULL);
INSERT CattleLot (auctionId, auctionDay, lotNumber, seller, agent, breed, sex, age, quantity, averageWeight, reserve, auctioneer, buyer, sellingPricePerKg, passedIn) VALUES (N'C1619', 1619, 96, 65, N'P_Bar     ', N'Angus X             ', N'S', 1, 14,901.00, NULL, N'F_Ral     ', 74, 2.9100, NULL);
INSERT CattleLot (auctionId, auctionDay, lotNumber, seller, agent, breed, sex, age, quantity, averageWeight, reserve, auctioneer, buyer, sellingPricePerKg, passedIn) VALUES (N'C1619', 1619, 97, 62, N'P_Lis     ', N'Charolais           ', N'H', 2, 15,923.00, NULL, N'P_Jan     ', 59, 2.7100, NULL);
INSERT CattleLot (auctionId, auctionDay, lotNumber, seller, agent, breed, sex, age, quantity, averageWeight, reserve, auctioneer, buyer, sellingPricePerKg, passedIn) VALUES (N'C1619', 1619, 98, 86, N'F_Shr     ', N'Fresian             ', N'H', 2, 11,629.00, NULL, N'F_Ral     ', 54, 3.1800, NULL);
INSERT CattleLot (auctionId, auctionDay, lotNumber, seller, agent, breed, sex, age, quantity, averageWeight, reserve, auctioneer, buyer, sellingPricePerKg, passedIn) VALUES (N'C1619', 1619, 99, 60, N'D_Dav     ', N'Fresian X           ', N'B', 3, 13,576.00, NULL, N'D_Dav     ', 80, 3.3700, NULL);
INSERT CattleLot (auctionId, auctionDay, lotNumber, seller, agent, breed, sex, age, quantity, averageWeight, reserve, auctioneer, buyer, sellingPricePerKg, passedIn) VALUES (N'C1619', 1619, 101, 34, N'F_Mic     ', N'Angus               ', N'S', 3, 2,789.00, NULL, N'F_Don     ', 56, 3.0900, NULL);
INSERT CattleLot (auctionId, auctionDay, lotNumber, seller, agent, breed, sex, age, quantity, averageWeight, reserve, auctioneer, buyer, sellingPricePerKg, passedIn) VALUES (N'C1619', 1619, 102, 60, N'D_Dav     ', N'Angus               ', N'S', 2, 4,617.00, NULL, N'D_Dav     ', 39, 2.9700, NULL);
INSERT CattleLot (auctionId, auctionDay, lotNumber, seller, agent, breed, sex, age, quantity, averageWeight, reserve, auctioneer, buyer, sellingPricePerKg, passedIn) VALUES (N'C1619', 1619, 103, 57, N'P_Jan     ', N'Angus X             ', N'S', 2, 3,1061.00, NULL, N'P_Jan     ', 73, 2.6200, NULL);
INSERT CattleLot (auctionId, auctionDay, lotNumber, seller, agent, breed, sex, age, quantity, averageWeight, reserve, auctioneer, buyer, sellingPricePerKg, passedIn) VALUES (N'C1619', 1619, 104, 40, N'F_Dav     ', N'Hereford            ', N'H', 2, 2,630.00, NULL, N'F_Don     ', 64, 3.1500, NULL);
INSERT CattleLot (auctionId, auctionDay, lotNumber, seller, agent, breed, sex, age, quantity, averageWeight, reserve, auctioneer, buyer, sellingPricePerKg, passedIn) VALUES (N'C1619', 1619, 105, 40, N'F_Dav     ', N'Angus               ', N'B', 2, 9,735.00, NULL, N'F_Don     ', 75, 2.8900, NULL);
INSERT CattleLot (auctionId, auctionDay, lotNumber, seller, agent, breed, sex, age, quantity, averageWeight, reserve, auctioneer, buyer, sellingPricePerKg, passedIn) VALUES (N'C1619', 1619, 106, 59, N'D_Dav     ', N'Angus X             ', N'S', 4, 8,556.00, 2.3100, N'D_Dav     ', 66, 2.7300, NULL);
INSERT CattleLot (auctionId, auctionDay, lotNumber, seller, agent, breed, sex, age, quantity, averageWeight, reserve, auctioneer, buyer, sellingPricePerKg, passedIn) VALUES (N'C1619', 1619, 107, 39, N'F_Ral     ', N'Charolais           ', N'B', 2, 15,534.00, NULL, N'F_Ral     ', 66, 3.3900, NULL);
INSERT CattleLot (auctionId, auctionDay, lotNumber, seller, agent, breed, sex, age, quantity, averageWeight, reserve, auctioneer, buyer, sellingPricePerKg, passedIn) VALUES (N'C1619', 1619, 108, 100, N'F_Leo     ', N'Fresian             ', N'B', 3, 4,950.00, NULL, N'F_Don     ', 60, 2.7400, NULL);
INSERT CattleLot (auctionId, auctionDay, lotNumber, seller, agent, breed, sex, age, quantity, averageWeight, reserve, auctioneer, buyer, sellingPricePerKg, passedIn) VALUES (N'C1619', 1619, 110, 70, N'P_Bar     ', N'Angus               ', N'H', 2, 20,502.00, NULL, N'P_Jan     ', 48, 3.4400, NULL);
INSERT CattleLot (auctionId, auctionDay, lotNumber, seller, agent, breed, sex, age, quantity, averageWeight, reserve, auctioneer, buyer, sellingPricePerKg, passedIn) VALUES (N'C1619', 1619, 111, 42, N'F_Don     ', N'Angus               ', N'H', 2, 12,549.00, 2.8000, N'F_Don     ', 46, 3.3500, NULL);
INSERT CattleLot (auctionId, auctionDay, lotNumber, seller, agent, breed, sex, age, quantity, averageWeight, reserve, auctioneer, buyer, sellingPricePerKg, passedIn) VALUES (N'C1619', 1619, 112, 101, N'F_Dav     ', N'Angus               ', N'B', 2, 9,733.00, NULL, N'F_Mik     ', 62, 3.2500, NULL);
INSERT CattleLot (auctionId, auctionDay, lotNumber, seller, agent, breed, sex, age, quantity, averageWeight, reserve, auctioneer, buyer, sellingPricePerKg, passedIn) VALUES (N'C1619', 1619, 113, 87, N'P_Bar     ', N'Angus X             ', N'S', 2, 16,771.00, NULL, N'P_Jan     ', 61, 2.9200, NULL);
INSERT CattleLot (auctionId, auctionDay, lotNumber, seller, agent, breed, sex, age, quantity, averageWeight, reserve, auctioneer, buyer, sellingPricePerKg, passedIn) VALUES (N'C1619', 1619, 114, 57, N'P_Jan     ', N'Hereford            ', N'S', 3, 19,601.00, NULL, N'P_Jan     ', 66, 2.7800, NULL);
INSERT CattleLot (auctionId, auctionDay, lotNumber, seller, agent, breed, sex, age, quantity, averageWeight, reserve, auctioneer, buyer, sellingPricePerKg, passedIn) VALUES (N'C1619', 1619, 115, 101, N'F_Dav     ', N'Angus               ', N'S', 3, 20,730.00, NULL, N'F_Mik     ', 74, 3.1600, NULL);
INSERT CattleLot (auctionId, auctionDay, lotNumber, seller, agent, breed, sex, age, quantity, averageWeight, reserve, auctioneer, buyer, sellingPricePerKg, passedIn) VALUES (N'C1619', 1619, 116, 58, N'P_Jan     ', N'Angus X             ', N'S', 1, 19,931.00, NULL, N'P_Jan     ', 74, 3.0800, NULL);
INSERT CattleLot (auctionId, auctionDay, lotNumber, seller, agent, breed, sex, age, quantity, averageWeight, reserve, auctioneer, buyer, sellingPricePerKg, passedIn) VALUES (N'C1619', 1619, 117, 70, N'P_Bar     ', N'Charolais           ', N'H', 1, 8,643.00, NULL, N'P_Jan     ', 61, 3.0500, NULL);
INSERT CattleLot (auctionId, auctionDay, lotNumber, seller, agent, breed, sex, age, quantity, averageWeight, reserve, auctioneer, buyer, sellingPricePerKg, passedIn) VALUES (N'C1619', 1619, 118, 74, N'F_Don     ', N'Fresian             ', N'B', 2, 12,1049.00, NULL, N'F_Don     ', 77, 2.6400, NULL);
INSERT CattleLot (auctionId, auctionDay, lotNumber, seller, agent, breed, sex, age, quantity, averageWeight, reserve, auctioneer, buyer, sellingPricePerKg, passedIn) VALUES (N'C1619', 1619, 119, 39, N'F_Ral     ', N'Fresian X           ', N'S', 2, 4,614.00, NULL, N'F_Ral     ', 65, 3.1400, NULL);
INSERT CattleLot (auctionId, auctionDay, lotNumber, seller, agent, breed, sex, age, quantity, averageWeight, reserve, auctioneer, buyer, sellingPricePerKg, passedIn) VALUES (N'C1619', 1619, 121, 88, N'F_Mik     ', N'Angus               ', N'B', 3, 3,634.00, NULL, N'F_Mik     ', 54, 3.0700, NULL);
INSERT CattleLot (auctionId, auctionDay, lotNumber, seller, agent, breed, sex, age, quantity, averageWeight, reserve, auctioneer, buyer, sellingPricePerKg, passedIn) VALUES (N'C1619', 1619, 122, 57, N'P_Jan     ', N'Angus               ', N'S', 3, 16,987.00, NULL, N'P_Jan     ', 62, 2.7500, NULL);
INSERT CattleLot (auctionId, auctionDay, lotNumber, seller, agent, breed, sex, age, quantity, averageWeight, reserve, auctioneer, buyer, sellingPricePerKg, passedIn) VALUES (N'C1619', 1619, 123, 69, N'D_Dav     ', N'Angus X             ', N'H', 2, 2,587.00, NULL, N'D_Dav     ', 65, 3.0600, NULL);
INSERT CattleLot (auctionId, auctionDay, lotNumber, seller, agent, breed, sex, age, quantity, averageWeight, reserve, auctioneer, buyer, sellingPricePerKg, passedIn) VALUES (N'C1619', 1619, 124, 38, N'P_Jan     ', N'Hereford            ', N'H', 2, 4,529.00, NULL, N'P_Jan     ', 63, 3.4100, NULL);
INSERT CattleLot (auctionId, auctionDay, lotNumber, seller, agent, breed, sex, age, quantity, averageWeight, reserve, auctioneer, buyer, sellingPricePerKg, passedIn) VALUES (N'C1619', 1619, 125, 38, N'P_Jan     ', N'Angus               ', N'B', 2, 16,851.00, NULL, N'P_Jan     ', 54, 3.2500, NULL);
INSERT CattleLot (auctionId, auctionDay, lotNumber, seller, agent, breed, sex, age, quantity, averageWeight, reserve, auctioneer, buyer, sellingPricePerKg, passedIn) VALUES (N'C1619', 1619, 126, 57, N'P_Jan     ', N'Angus X             ', N'S', 2, 1,983.00, NULL, N'P_Jan     ', 48, 3.4300, NULL);
INSERT CattleLot (auctionId, auctionDay, lotNumber, seller, agent, breed, sex, age, quantity, averageWeight, reserve, auctioneer, buyer, sellingPricePerKg, passedIn) VALUES (N'C1619', 1619, 127, 84, N'F_Shr     ', N'Charolais           ', N'S', 4, 5,764.00, NULL, N'F_Ral     ', 61, 3.4400, NULL);
INSERT CattleLot (auctionId, auctionDay, lotNumber, seller, agent, breed, sex, age, quantity, averageWeight, reserve, auctioneer, buyer, sellingPricePerKg, passedIn) VALUES (N'C1619', 1619, 128, 41, N'P_Jan     ', N'Fresian             ', N'S', 2, 3,732.00, NULL, N'P_Jan     ', 66, 3.1100, NULL);
INSERT CattleLot (auctionId, auctionDay, lotNumber, seller, agent, breed, sex, age, quantity, averageWeight, reserve, auctioneer, buyer, sellingPricePerKg, passedIn) VALUES (N'C1619', 1619, 129, 61, N'F_Mic     ', N'Fresian X           ', N'S', 3, 3,825.00, NULL, N'F_Mik     ', 56, 3.4800, NULL);
INSERT CattleLot (auctionId, auctionDay, lotNumber, seller, agent, breed, sex, age, quantity, averageWeight, reserve, auctioneer, buyer, sellingPricePerKg, passedIn) VALUES (N'C1619', 1619, 130, 87, N'P_Bar     ', N'Angus               ', N'H', 2, 1,929.00, NULL, N'P_Jan     ', 77, 2.9800, NULL);
INSERT CattleLot (auctionId, auctionDay, lotNumber, seller, agent, breed, sex, age, quantity, averageWeight, reserve, auctioneer, buyer, sellingPricePerKg, passedIn) VALUES (N'C1619', 1619, 131, 59, N'D_Dav     ', N'Angus               ', N'B', 2, 3,548.00, 1.8300, N'D_Dav     ', 59, 2.7700, NULL);
INSERT CattleLot (auctionId, auctionDay, lotNumber, seller, agent, breed, sex, age, quantity, averageWeight, reserve, auctioneer, buyer, sellingPricePerKg, passedIn) VALUES (N'C1619', 1619, 132, 40, N'F_Dav     ', N'Angus               ', N'S', 2, 4,673.00, NULL, N'F_Don     ', 66, 2.8600, NULL);
INSERT CattleLot (auctionId, auctionDay, lotNumber, seller, agent, breed, sex, age, quantity, averageWeight, reserve, auctioneer, buyer, sellingPricePerKg, passedIn) VALUES (N'C1619', 1619, 133, 88, N'F_Mik     ', N'Angus X             ', N'B', 2, 7,804.00, NULL, N'F_Mik     ', 63, 2.8300, NULL);
INSERT CattleLot (auctionId, auctionDay, lotNumber, seller, agent, breed, sex, age, quantity, averageWeight, reserve, auctioneer, buyer, sellingPricePerKg, passedIn) VALUES (N'C1619', 1619, 134, 43, N'F_Shr     ', N'Hereford            ', N'B', 2, 2,655.00, NULL, N'F_Mik     ', 78, 2.6200, NULL);
INSERT CattleLot (auctionId, auctionDay, lotNumber, seller, agent, breed, sex, age, quantity, averageWeight, reserve, auctioneer, buyer, sellingPricePerKg, passedIn) VALUES (N'C1619', 1619, 135, 69, N'D_Dav     ', N'Angus               ', N'S', 3, 15,536.00, NULL, N'D_Dav     ', 62, 2.7000, NULL);
INSERT CattleLot (auctionId, auctionDay, lotNumber, seller, agent, breed, sex, age, quantity, averageWeight, reserve, auctioneer, buyer, sellingPricePerKg, passedIn) VALUES (N'C1619', 1619, 136, 88, N'F_Mik     ', N'Angus X             ', N'H', 3, 10,687.00, NULL, N'F_Mik     ', 66, 3.3000, NULL);
INSERT CattleLot (auctionId, auctionDay, lotNumber, seller, agent, breed, sex, age, quantity, averageWeight, reserve, auctioneer, buyer, sellingPricePerKg, passedIn) VALUES (N'C1619', 1619, 137, 84, N'F_Shr     ', N'Charolais           ', N'H', 1, 18,611.00, NULL, N'F_Ral     ', 73, 3.1700, NULL);
INSERT CattleLot (auctionId, auctionDay, lotNumber, seller, agent, breed, sex, age, quantity, averageWeight, reserve, auctioneer, buyer, sellingPricePerKg, passedIn) VALUES (N'C1619', 1619, 138, 39, N'F_Ral     ', N'Fresian             ', N'B', 1, 2,1035.00, NULL, N'F_Ral     ', 66, 3.3800, NULL);
INSERT CattleLot (auctionId, auctionDay, lotNumber, seller, agent, breed, sex, age, quantity, averageWeight, reserve, auctioneer, buyer, sellingPricePerKg, passedIn) VALUES (N'C1619', 1619, 139, 65, N'P_Bar     ', N'Fresian X           ', N'S', 2, 9,703.00, NULL, N'F_Ral     ', 77, 2.9500, NULL);
INSERT CattleLot (auctionId, auctionDay, lotNumber, seller, agent, breed, sex, age, quantity, averageWeight, reserve, auctioneer, buyer, sellingPricePerKg, passedIn) VALUES (N'C1619', 1619, 140, 70, N'P_Bar     ', N'Angus               ', N'S', 2, 8,790.00, NULL, N'P_Jan     ', 46, 2.8500, NULL);
INSERT CattleLot (auctionId, auctionDay, lotNumber, seller, agent, breed, sex, age, quantity, averageWeight, reserve, auctioneer, buyer, sellingPricePerKg, passedIn) VALUES (N'C1619', 1619, 141, 38, N'P_Jan     ', N'Angus               ', N'S', 3, 5,985.00, NULL, N'P_Jan     ', 63, 2.8200, NULL);
INSERT CattleLot (auctionId, auctionDay, lotNumber, seller, agent, breed, sex, age, quantity, averageWeight, reserve, auctioneer, buyer, sellingPricePerKg, passedIn) VALUES (N'C1619', 1619, 142, 87, N'P_Bar     ', N'Angus               ', N'S', 3, 6,685.00, NULL, N'P_Jan     ', 66, 3.2600, NULL);
INSERT CattleLot (auctionId, auctionDay, lotNumber, seller, agent, breed, sex, age, quantity, averageWeight, reserve, auctioneer, buyer, sellingPricePerKg, passedIn) VALUES (N'C1619', 1619, 143, 41, N'P_Jan     ', N'Angus X             ', N'H', 3, 20,505.00, NULL, N'P_Jan     ', 61, 3.1300, NULL);
INSERT CattleLot (auctionId, auctionDay, lotNumber, seller, agent, breed, sex, age, quantity, averageWeight, reserve, auctioneer, buyer, sellingPricePerKg, passedIn) VALUES (N'C1619', 1619, 144, 43, N'F_Shr     ', N'Hereford            ', N'B', 2, 3,945.00, NULL, N'F_Ral     ', 61, 2.6600, NULL);
INSERT CattleLot (auctionId, auctionDay, lotNumber, seller, agent, breed, sex, age, quantity, averageWeight, reserve, auctioneer, buyer, sellingPricePerKg, passedIn) VALUES (N'C1619', 1619, 145, 86, N'F_Shr     ', N'Angus               ', N'S', 2, 9,669.00, NULL, N'F_Ral     ', 39, 2.9400, NULL);
INSERT CattleLot (auctionId, auctionDay, lotNumber, seller, agent, breed, sex, age, quantity, averageWeight, reserve, auctioneer, buyer, sellingPricePerKg, passedIn) VALUES (N'C1619', 1619, 146, 65, N'P_Bar     ', N'Angus X             ', N'B', 2, 7,726.00, NULL, N'F_Ral     ', 77, 3.2500, NULL);
INSERT CattleLot (auctionId, auctionDay, lotNumber, seller, agent, breed, sex, age, quantity, averageWeight, reserve, auctioneer, buyer, sellingPricePerKg, passedIn) VALUES (N'C1619', 1619, 147, 43, N'F_Shr     ', N'Charolais           ', N'B', 2, 9,877.00, NULL, N'F_Mik     ', 61, 3.1800, NULL);
INSERT CattleLot (auctionId, auctionDay, lotNumber, seller, agent, breed, sex, age, quantity, averageWeight, reserve, auctioneer, buyer, sellingPricePerKg, passedIn) VALUES (N'C1619', 1619, 148, 85, N'F_Leo     ', N'Fresian             ', N'S', 4, 5,914.00, NULL, N'F_Mik     ', 79, 3.1400, NULL);
INSERT CattleLot (auctionId, auctionDay, lotNumber, seller, agent, breed, sex, age, quantity, averageWeight, reserve, auctioneer, buyer, sellingPricePerKg, passedIn) VALUES (N'C1619', 1619, 149, 42, N'F_Don     ', N'Fresian X           ', N'H', 2, 2,1004.00, NULL, N'F_Don     ', 56, 2.9200, NULL);
INSERT CattleLot (auctionId, auctionDay, lotNumber, seller, agent, breed, sex, age, quantity, averageWeight, reserve, auctioneer, buyer, sellingPricePerKg, passedIn) VALUES (N'C1619', 1619, 150, 40, N'F_Dav     ', N'Angus               ', N'H', 3, 20,952.00, NULL, N'F_Don     ', 61, 2.8000, NULL);
INSERT CattleLot (auctionId, auctionDay, lotNumber, seller, agent, breed, sex, age, quantity, averageWeight, reserve, auctioneer, buyer, sellingPricePerKg, passedIn) VALUES (N'C1619', 1619, 151, 38, N'P_Jan     ', N'Angus               ', N'B', 2, 20,689.00, NULL, N'P_Jan     ', 65, 2.6100, NULL);
INSERT CattleLot (auctionId, auctionDay, lotNumber, seller, agent, breed, sex, age, quantity, averageWeight, reserve, auctioneer, buyer, sellingPricePerKg, passedIn) VALUES (N'C1619', 1619, 152, 43, N'F_Shr     ', N'Angus               ', N'S', 2, 13,614.00, NULL, N'F_Mik     ', 61, 3.3600, NULL);
INSERT CattleLot (auctionId, auctionDay, lotNumber, seller, agent, breed, sex, age, quantity, averageWeight, reserve, auctioneer, buyer, sellingPricePerKg, passedIn) VALUES (N'C1619', 1619, 153, 101, N'F_Dav     ', N'Angus X             ', N'S', 2, 1,662.00, NULL, N'F_Mik     ', 79, 3.0400, NULL);
INSERT CattleLot (auctionId, auctionDay, lotNumber, seller, agent, breed, sex, age, quantity, averageWeight, reserve, auctioneer, buyer, sellingPricePerKg, passedIn) VALUES (N'C1619', 1619, 154, 39, N'F_Ral     ', N'Hereford            ', N'S', 2, 3,723.00, NULL, N'F_Ral     ', 62, 3.2500, NULL);
INSERT CattleLot (auctionId, auctionDay, lotNumber, seller, agent, breed, sex, age, quantity, averageWeight, reserve, auctioneer, buyer, sellingPricePerKg, passedIn) VALUES (N'C1619', 1619, 155, 77, N'F_Don     ', N'Angus               ', N'S', 2, 13,912.00, NULL, N'F_Don     ', 80, 2.9700, NULL);
INSERT CattleLot (auctionId, auctionDay, lotNumber, seller, agent, breed, sex, age, quantity, averageWeight, reserve, auctioneer, buyer, sellingPricePerKg, passedIn) VALUES (N'C1619', 1619, 156, 58, N'P_Jan     ', N'Angus X             ', N'H', 3, 15,994.00, NULL, N'P_Jan     ', 74, 3.2400, NULL);
INSERT CattleLot (auctionId, auctionDay, lotNumber, seller, agent, breed, sex, age, quantity, averageWeight, reserve, auctioneer, buyer, sellingPricePerKg, passedIn) VALUES (N'C1619', 1619, 157, 40, N'F_Dav     ', N'Charolais           ', N'B', 3, 15,834.00, NULL, N'F_Don     ', 73, 3.4300, NULL);
INSERT CattleLot (auctionId, auctionDay, lotNumber, seller, agent, breed, sex, age, quantity, averageWeight, reserve, auctioneer, buyer, sellingPricePerKg, passedIn) VALUES (N'C1619', 1619, 158, 58, N'P_Jan     ', N'Fresian             ', N'S', 1, 5,816.00, NULL, N'P_Jan     ', 66, 3.2900, NULL);
INSERT CattleLot (auctionId, auctionDay, lotNumber, seller, agent, breed, sex, age, quantity, averageWeight, reserve, auctioneer, buyer, sellingPricePerKg, passedIn) VALUES (N'C1619', 1619, 159, 78, N'D_Dav     ', N'Fresian X           ', N'B', 1, 7,1019.00, NULL, N'D_Dav     ', 75, 2.6200, NULL);
INSERT CattleLot (auctionId, auctionDay, lotNumber, seller, agent, breed, sex, age, quantity, averageWeight, reserve, auctioneer, buyer, sellingPricePerKg, passedIn) VALUES (N'C1619', 1619, 160, 61, N'F_Mic     ', N'Angus               ', N'B', 2, 17,1088.00, NULL, N'F_Mik     ', 54, 2.6200, NULL);
INSERT CattleLot (auctionId, auctionDay, lotNumber, seller, agent, breed, sex, age, quantity, averageWeight, reserve, auctioneer, buyer, sellingPricePerKg, passedIn) VALUES (N'C1619', 1619, 161, 59, N'D_Dav     ', N'Angus               ', N'S', 2, 4,930.00, NULL, N'D_Dav     ', 56, 3.1300, NULL);
INSERT CattleLot (auctionId, auctionDay, lotNumber, seller, agent, breed, sex, age, quantity, averageWeight, reserve, auctioneer, buyer, sellingPricePerKg, passedIn) VALUES (N'C1619', 1619, 162, 101, N'F_Dav     ', N'Angus               ', N'H', 3, 12,611.00, NULL, N'F_Mik     ', 61, 3.1900, NULL);
INSERT CattleLot (auctionId, auctionDay, lotNumber, seller, agent, breed, sex, age, quantity, averageWeight, reserve, auctioneer, buyer, sellingPricePerKg, passedIn) VALUES (N'C1619', 1619, 163, 32, N'P_Lis     ', N'Angus X             ', N'H', 3, 4,1068.00, NULL, N'P_Jan     ', 65, 2.7300, NULL);
INSERT CattleLot (auctionId, auctionDay, lotNumber, seller, agent, breed, sex, age, quantity, averageWeight, reserve, auctioneer, buyer, sellingPricePerKg, passedIn) VALUES (N'C1619', 1619, 164, 86, N'F_Shr     ', N'Hereford            ', N'B', 3, 16,860.00, NULL, N'F_Ral     ', 39, 2.9900, NULL);
INSERT CattleLot (auctionId, auctionDay, lotNumber, seller, agent, breed, sex, age, quantity, averageWeight, reserve, auctioneer, buyer, sellingPricePerKg, passedIn) VALUES (N'C1619', 1619, 165, 41, N'P_Jan     ', N'Angus               ', N'S', 2, 12,981.00, NULL, N'P_Jan     ', 60, 3.4600, NULL);
INSERT CattleLot (auctionId, auctionDay, lotNumber, seller, agent, breed, sex, age, quantity, averageWeight, reserve, auctioneer, buyer, sellingPricePerKg, passedIn) VALUES (N'C1619', 1619, 166, 74, N'F_Don     ', N'Angus X             ', N'S', 2, 10,582.00, NULL, N'F_Don     ', 64, 3.4300, NULL);
INSERT CattleLot (auctionId, auctionDay, lotNumber, seller, agent, breed, sex, age, quantity, averageWeight, reserve, auctioneer, buyer, sellingPricePerKg, passedIn) VALUES (N'C1619', 1619, 167, 49, N'F_Mik     ', N'Charolais           ', N'S', 2, 15,582.00, NULL, N'F_Mik     ', 60, 2.6800, NULL);
INSERT CattleLot (auctionId, auctionDay, lotNumber, seller, agent, breed, sex, age, quantity, averageWeight, reserve, auctioneer, buyer, sellingPricePerKg, passedIn) VALUES (N'C1619', 1619, 168, 60, N'D_Dav     ', N'Fresian             ', N'S', 2, 10,1063.00, NULL, N'D_Dav     ', 61, 2.8700, NULL);
INSERT CattleLot (auctionId, auctionDay, lotNumber, seller, agent, breed, sex, age, quantity, averageWeight, reserve, auctioneer, buyer, sellingPricePerKg, passedIn) VALUES (N'C1619', 1619, 169, 85, N'F_Leo     ', N'Fresian X           ', N'H', 4, 4,1070.00, NULL, N'F_Mik     ', 74, 3.4200, NULL);
INSERT CattleLot (auctionId, auctionDay, lotNumber, seller, agent, breed, sex, age, quantity, averageWeight, reserve, auctioneer, buyer, sellingPricePerKg, passedIn) VALUES (N'C1619', 1619, 170, 34, N'F_Mic     ', N'Angus               ', N'B', 2, 2,573.00, 1.9900, N'F_Don     ', 56, 2.8800, NULL);
INSERT CattleLot (auctionId, auctionDay, lotNumber, seller, agent, breed, sex, age, quantity, averageWeight, reserve, auctioneer, buyer, sellingPricePerKg, passedIn) VALUES (N'C1619', 1619, 171, 78, N'D_Dav     ', N'Angus               ', N'S', 3, 4,996.00, NULL, N'D_Dav     ', 66, 2.7800, NULL);
INSERT CattleLot (auctionId, auctionDay, lotNumber, seller, agent, breed, sex, age, quantity, averageWeight, reserve, auctioneer, buyer, sellingPricePerKg, passedIn) VALUES (N'C1619', 1619, 172, 74, N'F_Don     ', N'Angus               ', N'B', 2, 2,718.00, NULL, N'F_Don     ', 66, 2.7700, NULL);
INSERT CattleLot (auctionId, auctionDay, lotNumber, seller, agent, breed, sex, age, quantity, averageWeight, reserve, auctioneer, buyer, sellingPricePerKg, passedIn) VALUES (N'C1619', 1619, 173, 43, N'F_Shr     ', N'Angus X             ', N'B', 2, 11,855.00, NULL, N'F_Mik     ', 46, 3.3800, NULL);
INSERT CattleLot (auctionId, auctionDay, lotNumber, seller, agent, breed, sex, age, quantity, averageWeight, reserve, auctioneer, buyer, sellingPricePerKg, passedIn) VALUES (N'C1619', 1619, 174, 43, N'F_Shr     ', N'Hereford            ', N'S', 2, 18,503.00, NULL, N'F_Mik     ', 75, 2.9400, NULL);
INSERT CattleLot (auctionId, auctionDay, lotNumber, seller, agent, breed, sex, age, quantity, averageWeight, reserve, auctioneer, buyer, sellingPricePerKg, passedIn) VALUES (N'C1619', 1619, 175, 100, N'F_Leo     ', N'Angus               ', N'H', 2, 13,656.00, NULL, N'F_Don     ', 78, 2.8300, NULL);
INSERT CattleLot (auctionId, auctionDay, lotNumber, seller, agent, breed, sex, age, quantity, averageWeight, reserve, auctioneer, buyer, sellingPricePerKg, passedIn) VALUES (N'C1619', 1619, 176, 38, N'P_Jan     ', N'Angus X             ', N'H', 2, 11,526.00, NULL, N'P_Jan     ', 46, 3.1800, NULL);
INSERT CattleLot (auctionId, auctionDay, lotNumber, seller, agent, breed, sex, age, quantity, averageWeight, reserve, auctioneer, buyer, sellingPricePerKg, passedIn) VALUES (N'C1619', 1619, 177, 76, N'D_Big     ', N'Charolais           ', N'B', 3, 8,560.00, 2.4900, N'D_Big     ', 48, 2.6400, NULL);
INSERT CattleLot (auctionId, auctionDay, lotNumber, seller, agent, breed, sex, age, quantity, averageWeight, reserve, auctioneer, buyer, sellingPricePerKg, passedIn) VALUES (N'C1619', 1619, 178, 88, N'F_Mik     ', N'Fresian             ', N'S', 3, 18,815.00, NULL, N'F_Mik     ', 78, 2.8500, NULL);
INSERT CattleLot (auctionId, auctionDay, lotNumber, seller, agent, breed, sex, age, quantity, averageWeight, reserve, auctioneer, buyer, sellingPricePerKg, passedIn) VALUES (N'C1619', 1619, 179, 58, N'P_Jan     ', N'Fresian X           ', N'S', 1, 1,731.00, NULL, N'P_Jan     ', 75, 3.3900, NULL);
INSERT CattleLot (auctionId, auctionDay, lotNumber, seller, agent, breed, sex, age, quantity, averageWeight, reserve, auctioneer, buyer, sellingPricePerKg, passedIn) VALUES (N'C1619', 1619, 180, 86, N'F_Shr     ', N'Angus               ', N'S', 1, 6,1092.00, NULL, N'F_Ral     ', 62, 2.7100, NULL);
INSERT CattleLot (auctionId, auctionDay, lotNumber, seller, agent, breed, sex, age, quantity, averageWeight, reserve, auctioneer, buyer, sellingPricePerKg, passedIn) VALUES (N'C1619', 1619, 181, 85, N'F_Leo     ', N'Angus               ', N'S', 2, 13,678.00, NULL, N'F_Mik     ', 60, 3.5000, NULL);
INSERT CattleLot (auctionId, auctionDay, lotNumber, seller, agent, breed, sex, age, quantity, averageWeight, reserve, auctioneer, buyer, sellingPricePerKg, passedIn) VALUES (N'C1619', 1619, 182, 61, N'F_Mic     ', N'Angus               ', N'H', 2, 5,559.00, 3.0100, N'F_Mik     ', 66, NULL, 1);
INSERT CattleLot (auctionId, auctionDay, lotNumber, seller, agent, breed, sex, age, quantity, averageWeight, reserve, auctioneer, buyer, sellingPricePerKg, passedIn) VALUES (N'C1619', 1619, 183, 69, N'D_Dav     ', N'Angus X             ', N'B', 3, 3,1024.00, NULL, N'D_Dav     ', 74, 2.8400, NULL);
INSERT CattleLot (auctionId, auctionDay, lotNumber, seller, agent, breed, sex, age, quantity, averageWeight, reserve, auctioneer, buyer, sellingPricePerKg, passedIn) VALUES (N'C1619', 1619, 184, 37, N'F_Mic     ', N'Hereford            ', N'S', 3, 19,528.00, NULL, N'F_Mik     ', 59, 3.3800, NULL);
INSERT CattleLot (auctionId, auctionDay, lotNumber, seller, agent, breed, sex, age, quantity, averageWeight, reserve, auctioneer, buyer, sellingPricePerKg, passedIn) VALUES (N'C1619', 1619, 185, 43, N'F_Shr     ', N'Angus               ', N'B', 3, 4,739.00, NULL, N'F_Mik     ', 79, 3.3400, NULL);
INSERT CattleLot (auctionId, auctionDay, lotNumber, seller, agent, breed, sex, age, quantity, averageWeight, reserve, auctioneer, buyer, sellingPricePerKg, passedIn) VALUES (N'C1619', 1619, 186, 58, N'P_Jan     ', N'Angus X             ', N'B', 2, 10,882.00, NULL, N'P_Jan     ', 77, 3.1500, NULL);
INSERT CattleLot (auctionId, auctionDay, lotNumber, seller, agent, breed, sex, age, quantity, averageWeight, reserve, auctioneer, buyer, sellingPricePerKg, passedIn) VALUES (N'C1619', 1619, 187, 49, N'F_Mik     ', N'Charolais           ', N'S', 2, 2,1074.00, NULL, N'F_Mik     ', 78, 2.7000, NULL);
INSERT CattleLot (auctionId, auctionDay, lotNumber, seller, agent, breed, sex, age, quantity, averageWeight, reserve, auctioneer, buyer, sellingPricePerKg, passedIn) VALUES (N'C1619', 1619, 188, 69, N'D_Dav     ', N'Fresian             ', N'H', 2, 3,977.00, NULL, N'D_Dav     ', 63, 3.4500, NULL);
INSERT CattleLot (auctionId, auctionDay, lotNumber, seller, agent, breed, sex, age, quantity, averageWeight, reserve, auctioneer, buyer, sellingPricePerKg, passedIn) VALUES (N'C1619', 1619, 189, 77, N'F_Don     ', N'Fresian X           ', N'H', 2, 2,1017.00, NULL, N'F_Don     ', 39, 3.2700, NULL);
INSERT CattleLot (auctionId, auctionDay, lotNumber, seller, agent, breed, sex, age, quantity, averageWeight, reserve, auctioneer, buyer, sellingPricePerKg, passedIn) VALUES (N'C1619', 1619, 190, 78, N'D_Dav     ', N'Angus               ', N'B', 4, 17,880.00, NULL, N'D_Dav     ', 61, 2.6400, NULL);
INSERT CattleLot (auctionId, auctionDay, lotNumber, seller, agent, breed, sex, age, quantity, averageWeight, reserve, auctioneer, buyer, sellingPricePerKg, passedIn) VALUES (N'C1619', 1619, 191, 58, N'P_Jan     ', N'Angus               ', N'S', 2, 13,945.00, NULL, N'P_Jan     ', 61, 3.4300, NULL);
INSERT CattleLot (auctionId, auctionDay, lotNumber, seller, agent, breed, sex, age, quantity, averageWeight, reserve, auctioneer, buyer, sellingPricePerKg, passedIn) VALUES (N'C1619', 1619, 192, 76, N'D_Big     ', N'Angus               ', N'S', 3, 16,520.00, NULL, N'D_Big     ', 61, 2.9200, NULL);
INSERT CattleLot (auctionId, auctionDay, lotNumber, seller, agent, breed, sex, age, quantity, averageWeight, reserve, auctioneer, buyer, sellingPricePerKg, passedIn) VALUES (N'C1619', 1619, 193, 76, N'D_Big     ', N'Angus X             ', N'S', 2, 7,1034.00, NULL, N'D_Big     ', 79, 3.2100, NULL);
INSERT CattleLot (auctionId, auctionDay, lotNumber, seller, agent, breed, sex, age, quantity, averageWeight, reserve, auctioneer, buyer, sellingPricePerKg, passedIn) VALUES (N'C1619', 1619, 194, 74, N'F_Don     ', N'Hereford            ', N'S', 2, 5,1055.00, NULL, N'F_Don     ', 79, 2.8700, NULL);
INSERT CattleLot (auctionId, auctionDay, lotNumber, seller, agent, breed, sex, age, quantity, averageWeight, reserve, auctioneer, buyer, sellingPricePerKg, passedIn) VALUES (N'C1619', 1619, 195, 62, N'P_Lis     ', N'Angus               ', N'H', 2, 13,693.00, NULL, N'P_Jan     ', 46, 2.7700, NULL);
INSERT CattleLot (auctionId, auctionDay, lotNumber, seller, agent, breed, sex, age, quantity, averageWeight, reserve, auctioneer, buyer, sellingPricePerKg, passedIn) VALUES (N'C1619', 1619, 196, 65, N'P_Bar     ', N'Angus X             ', N'B', 2, 9,1024.00, NULL, N'F_Ral     ', 61, 3.2800, NULL);
INSERT CattleLot (auctionId, auctionDay, lotNumber, seller, agent, breed, sex, age, quantity, averageWeight, reserve, auctioneer, buyer, sellingPricePerKg, passedIn) VALUES (N'C1619', 1619, 197, 100, N'F_Leo     ', N'Charolais           ', N'S', 2, 15,726.00, NULL, N'F_Don     ', 63, 2.9600, NULL);
INSERT CattleLot (auctionId, auctionDay, lotNumber, seller, agent, breed, sex, age, quantity, averageWeight, reserve, auctioneer, buyer, sellingPricePerKg, passedIn) VALUES (N'C1619', 1619, 198, 62, N'P_Lis     ', N'Fresian             ', N'B', 3, 3,675.00, NULL, N'P_Jan     ', 56, 2.7300, NULL);
INSERT CattleLot (auctionId, auctionDay, lotNumber, seller, agent, breed, sex, age, quantity, averageWeight, reserve, auctioneer, buyer, sellingPricePerKg, passedIn) VALUES (N'C1619', 1619, 199, 41, N'P_Jan     ', N'Fresian X           ', N'B', 3, 9,513.00, NULL, N'P_Jan     ', 46, 3.2000, NULL);
INSERT CattleLot (auctionId, auctionDay, lotNumber, seller, agent, breed, sex, age, quantity, averageWeight, reserve, auctioneer, buyer, sellingPricePerKg, passedIn) VALUES (N'C1619', 1619, 200, 69, N'D_Dav     ', N'Angus               ', N'S', 1, 9,615.00, NULL, N'D_Dav     ', 65, 3.3000, NULL);
INSERT CattleLot (auctionId, auctionDay, lotNumber, seller, agent, breed, sex, age, quantity, averageWeight, reserve, auctioneer, buyer, sellingPricePerKg, passedIn) VALUES (N'C1619', 1619, 201, 62, N'P_Lis     ', N'Angus               ', N'H', 1, 15,888.00, NULL, N'P_Jan     ', 77, 2.7500, NULL);
INSERT CattleLot (auctionId, auctionDay, lotNumber, seller, agent, breed, sex, age, quantity, averageWeight, reserve, auctioneer, buyer, sellingPricePerKg, passedIn) VALUES (N'C1619', 1619, 202, 61, N'F_Mic     ', N'Angus               ', N'H', 2, 4,671.00, NULL, N'F_Mik     ', 61, 3.0000, NULL);
INSERT CattleLot (auctionId, auctionDay, lotNumber, seller, agent, breed, sex, age, quantity, averageWeight, reserve, auctioneer, buyer, sellingPricePerKg, passedIn) VALUES (N'C1619', 1619, 203, 60, N'D_Dav     ', N'Angus X             ', N'B', 2, 9,979.00, NULL, N'D_Dav     ', 75, 2.7900, NULL);
INSERT CattleLot (auctionId, auctionDay, lotNumber, seller, agent, breed, sex, age, quantity, averageWeight, reserve, auctioneer, buyer, sellingPricePerKg, passedIn) VALUES (N'C1619', 1619, 204, 88, N'F_Mik     ', N'Hereford            ', N'S', 3, 2,516.00, NULL, N'F_Mik     ', 79, 2.9100, NULL);
INSERT CattleLot (auctionId, auctionDay, lotNumber, seller, agent, breed, sex, age, quantity, averageWeight, reserve, auctioneer, buyer, sellingPricePerKg, passedIn) VALUES (N'C1619', 1619, 205, 41, N'P_Jan     ', N'Angus               ', N'S', 3, 7,516.00, NULL, N'P_Jan     ', 75, 3.2000, NULL);
INSERT CattleLot (auctionId, auctionDay, lotNumber, seller, agent, breed, sex, age, quantity, averageWeight, reserve, auctioneer, buyer, sellingPricePerKg, passedIn) VALUES (N'C1619', 1619, 206, 100, N'F_Leo     ', N'Angus X             ', N'S', 3, 7,615.00, NULL, N'F_Mik     ', 61, 3.4100, NULL);
INSERT CattleLot (auctionId, auctionDay, lotNumber, seller, agent, breed, sex, age, quantity, averageWeight, reserve, auctioneer, buyer, sellingPricePerKg, passedIn) VALUES (N'C1619', 1619, 207, 57, N'P_Jan     ', N'Charolais           ', N'S', 2, 4,771.00, NULL, N'P_Jan     ', 61, 2.7200, NULL);
INSERT CattleLot (auctionId, auctionDay, lotNumber, seller, agent, breed, sex, age, quantity, averageWeight, reserve, auctioneer, buyer, sellingPricePerKg, passedIn) VALUES (N'C1619', 1619, 208, 74, N'F_Don     ', N'Fresian             ', N'H', 2, 12,729.00, NULL, N'F_Don     ', 54, 3.4400, NULL);
INSERT CattleLot (auctionId, auctionDay, lotNumber, seller, agent, breed, sex, age, quantity, averageWeight, reserve, auctioneer, buyer, sellingPricePerKg, passedIn) VALUES (N'C1619', 1619, 209, 32, N'P_Lis     ', N'Fresian X           ', N'B', 2, 5,949.00, NULL, N'P_Jan     ', 73, 2.8200, NULL);
INSERT CattleLot (auctionId, auctionDay, lotNumber, seller, agent, breed, sex, age, quantity, averageWeight, reserve, auctioneer, buyer, sellingPricePerKg, passedIn) VALUES (N'C1619', 1619, 210, 37, N'F_Mic     ', N'Angus               ', N'S', 2, 19,895.00, NULL, N'F_Don     ', 46, 3.1600, NULL);
INSERT CattleLot (auctionId, auctionDay, lotNumber, seller, agent, breed, sex, age, quantity, averageWeight, reserve, auctioneer, buyer, sellingPricePerKg, passedIn) VALUES (N'C1619', 1619, 211, 87, N'P_Bar     ', N'Angus               ', N'B', 4, 17,658.00, NULL, N'P_Jan     ', 63, 2.9200, NULL);
INSERT CattleLot (auctionId, auctionDay, lotNumber, seller, agent, breed, sex, age, quantity, averageWeight, reserve, auctioneer, buyer, sellingPricePerKg, passedIn) VALUES (N'C1619', 1619, 212, 43, N'F_Shr     ', N'Angus               ', N'B', 2, 2,908.00, NULL, N'F_Ral     ', 79, 3.0600, NULL);
INSERT CattleLot (auctionId, auctionDay, lotNumber, seller, agent, breed, sex, age, quantity, averageWeight, reserve, auctioneer, buyer, sellingPricePerKg, passedIn) VALUES (N'C1619', 1619, 213, 87, N'P_Bar     ', N'Angus X             ', N'S', 3, 9,862.00, NULL, N'P_Jan     ', 78, 3.3400, NULL);
INSERT CattleLot (auctionId, auctionDay, lotNumber, seller, agent, breed, sex, age, quantity, averageWeight, reserve, auctioneer, buyer, sellingPricePerKg, passedIn) VALUES (N'C1619', 1619, 214, 76, N'D_Big     ', N'Hereford            ', N'H', 2, 19,759.00, NULL, N'D_Big     ', 75, 3.2000, NULL);
INSERT CattleLot (auctionId, auctionDay, lotNumber, seller, agent, breed, sex, age, quantity, averageWeight, reserve, auctioneer, buyer, sellingPricePerKg, passedIn) VALUES (N'C1619', 1619, 215, 87, N'P_Bar     ', N'Angus               ', N'H', 2, 10,1008.00, NULL, N'P_Jan     ', 56, 2.7300, NULL);
INSERT CattleLot (auctionId, auctionDay, lotNumber, seller, agent, breed, sex, age, quantity, averageWeight, reserve, auctioneer, buyer, sellingPricePerKg, passedIn) VALUES (N'C1619', 1619, 216, 84, N'F_Shr     ', N'Angus X             ', N'B', 2, 7,909.00, NULL, N'F_Ral     ', 59, 2.9400, NULL);
INSERT CattleLot (auctionId, auctionDay, lotNumber, seller, agent, breed, sex, age, quantity, averageWeight, reserve, auctioneer, buyer, sellingPricePerKg, passedIn) VALUES (N'C1619', 1619, 217, 40, N'F_Dav     ', N'Charolais           ', N'S', 2, 3,833.00, NULL, N'F_Don     ', 73, 2.8500, NULL);
INSERT CattleLot (auctionId, auctionDay, lotNumber, seller, agent, breed, sex, age, quantity, averageWeight, reserve, auctioneer, buyer, sellingPricePerKg, passedIn) VALUES (N'C1619', 1619, 218, 37, N'F_Mic     ', N'Fresian             ', N'S', 2, 10,829.00, NULL, N'F_Don     ', 39, 3.0600, NULL);
INSERT CattleLot (auctionId, auctionDay, lotNumber, seller, agent, breed, sex, age, quantity, averageWeight, reserve, auctioneer, buyer, sellingPricePerKg, passedIn) VALUES (N'C1619', 1619, 219, 57, N'P_Jan     ', N'Fresian X           ', N'S', 3, 7,1049.00, NULL, N'P_Jan     ', 73, 2.6300, NULL);
INSERT CattleLot (auctionId, auctionDay, lotNumber, seller, agent, breed, sex, age, quantity, averageWeight, reserve, auctioneer, buyer, sellingPricePerKg, passedIn) VALUES (N'C1619', 1619, 220, 70, N'P_Bar     ', N'Angus               ', N'S', 3, 4,984.00, NULL, N'P_Jan     ', 46, 2.8400, NULL);
INSERT CattleLot (auctionId, auctionDay, lotNumber, seller, agent, breed, sex, age, quantity, averageWeight, reserve, auctioneer, buyer, sellingPricePerKg, passedIn) VALUES (N'C1619', 1619, 221, 38, N'P_Jan     ', N'Angus               ', N'H', 1, 20,777.00, NULL, N'P_Jan     ', 66, 2.8100, NULL);
INSERT CattleLot (auctionId, auctionDay, lotNumber, seller, agent, breed, sex, age, quantity, averageWeight, reserve, auctioneer, buyer, sellingPricePerKg, passedIn) VALUES (N'C1619', 1619, 222, 37, N'F_Mic     ', N'Angus               ', N'B', 1, 8,906.00, NULL, N'F_Don     ', 39, 3.3800, NULL);
INSERT CattleLot (auctionId, auctionDay, lotNumber, seller, agent, breed, sex, age, quantity, averageWeight, reserve, auctioneer, buyer, sellingPricePerKg, passedIn) VALUES (N'C1619', 1619, 223, 61, N'F_Mic     ', N'Angus X             ', N'S', 2, 4,529.00, NULL, N'F_Mik     ', 64, 2.6600, NULL);
INSERT CattleLot (auctionId, auctionDay, lotNumber, seller, agent, breed, sex, age, quantity, averageWeight, reserve, auctioneer, buyer, sellingPricePerKg, passedIn) VALUES (N'C1619', 1619, 224, 32, N'P_Lis     ', N'Hereford            ', N'B', 2, 5,895.00, NULL, N'P_Jan     ', 60, 3.4100, NULL);
INSERT CattleLot (auctionId, auctionDay, lotNumber, seller, agent, breed, sex, age, quantity, averageWeight, reserve, auctioneer, buyer, sellingPricePerKg, passedIn) VALUES (N'C1619', 1619, 225, 49, N'F_Mik     ', N'Angus               ', N'B', 3, 7,787.00, NULL, N'F_Mik     ', 64, 3.1800, NULL);
INSERT CattleLot (auctionId, auctionDay, lotNumber, seller, agent, breed, sex, age, quantity, averageWeight, reserve, auctioneer, buyer, sellingPricePerKg, passedIn) VALUES (N'C1619', 1619, 226, 39, N'F_Ral     ', N'Angus X             ', N'S', 3, 9,911.00, NULL, N'F_Ral     ', 65, 3.2200, NULL);
INSERT CattleLot (auctionId, auctionDay, lotNumber, seller, agent, breed, sex, age, quantity, averageWeight, reserve, auctioneer, buyer, sellingPricePerKg, passedIn) VALUES (N'C1619', 1619, 227, 38, N'P_Jan     ', N'Charolais           ', N'H', 3, 4,673.00, NULL, N'P_Jan     ', 59, 2.9900, NULL);
INSERT CattleLot (auctionId, auctionDay, lotNumber, seller, agent, breed, sex, age, quantity, averageWeight, reserve, auctioneer, buyer, sellingPricePerKg, passedIn) VALUES (N'C1619', 1619, 228, 43, N'F_Shr     ', N'Fresian             ', N'H', 2, 4,967.00, NULL, N'F_Ral     ', 80, 2.7300, NULL);
INSERT CattleLot (auctionId, auctionDay, lotNumber, seller, agent, breed, sex, age, quantity, averageWeight, reserve, auctioneer, buyer, sellingPricePerKg, passedIn) VALUES (N'C1619', 1619, 229, 62, N'P_Lis     ', N'Fresian X           ', N'B', 2, 10,866.00, NULL, N'P_Jan     ', 56, 2.6900, NULL);
INSERT CattleLot (auctionId, auctionDay, lotNumber, seller, agent, breed, sex, age, quantity, averageWeight, reserve, auctioneer, buyer, sellingPricePerKg, passedIn) VALUES (N'C1619', 1619, 230, 65, N'P_Bar     ', N'Angus               ', N'S', 2, 4,796.00, NULL, N'F_Ral     ', 79, 2.8300, NULL);
INSERT CattleLot (auctionId, auctionDay, lotNumber, seller, agent, breed, sex, age, quantity, averageWeight, reserve, auctioneer, buyer, sellingPricePerKg, passedIn) VALUES (N'C1619', 1619, 231, 88, N'F_Mik     ', N'Angus               ', N'S', 2, 9,631.00, NULL, N'F_Mik     ', 56, 2.7600, NULL);
INSERT CattleLot (auctionId, auctionDay, lotNumber, seller, agent, breed, sex, age, quantity, averageWeight, reserve, auctioneer, buyer, sellingPricePerKg, passedIn) VALUES (N'C1619', 1619, 232, 40, N'F_Dav     ', N'Angus               ', N'S', 4, 17,777.00, NULL, N'F_Don     ', 62, 3.4700, NULL);
INSERT CattleLot (auctionId, auctionDay, lotNumber, seller, agent, breed, sex, age, quantity, averageWeight, reserve, auctioneer, buyer, sellingPricePerKg, passedIn) VALUES (N'C1619', 1619, 233, 74, N'F_Don     ', N'Angus X             ', N'S', 2, 7,826.00, NULL, N'F_Don     ', 59, 3.0100, NULL);
INSERT CattleLot (auctionId, auctionDay, lotNumber, seller, agent, breed, sex, age, quantity, averageWeight, reserve, auctioneer, buyer, sellingPricePerKg, passedIn) VALUES (N'C1619', 1619, 234, 60, N'D_Dav     ', N'Hereford            ', N'H', 3, 6,546.00, 2.7600, N'D_Dav     ', 63, 3.3500, NULL);
INSERT CattleLot (auctionId, auctionDay, lotNumber, seller, agent, breed, sex, age, quantity, averageWeight, reserve, auctioneer, buyer, sellingPricePerKg, passedIn) VALUES (N'C1619', 1619, 235, 85, N'F_Leo     ', N'Angus               ', N'B', 2, 2,797.00, NULL, N'F_Mik     ', 39, 3.0900, NULL);
INSERT CattleLot (auctionId, auctionDay, lotNumber, seller, agent, breed, sex, age, quantity, averageWeight, reserve, auctioneer, buyer, sellingPricePerKg, passedIn) VALUES (N'C1619', 1619, 236, 40, N'F_Dav     ', N'Angus X             ', N'S', 2, 14,752.00, NULL, N'F_Don     ', 73, 3.4700, NULL);
INSERT CattleLot (auctionId, auctionDay, lotNumber, seller, agent, breed, sex, age, quantity, averageWeight, reserve, auctioneer, buyer, sellingPricePerKg, passedIn) VALUES (N'C1619', 1619, 237, 39, N'F_Ral     ', N'Charolais           ', N'B', 2, 1,878.00, NULL, N'F_Ral     ', 61, 3.0000, NULL);
INSERT CattleLot (auctionId, auctionDay, lotNumber, seller, agent, breed, sex, age, quantity, averageWeight, reserve, auctioneer, buyer, sellingPricePerKg, passedIn) VALUES (N'C1619', 1619, 238, 78, N'D_Dav     ', N'Fresian             ', N'B', 2, 10,609.00, NULL, N'D_Dav     ', 65, 3.2900, NULL);
INSERT CattleLot (auctionId, auctionDay, lotNumber, seller, agent, breed, sex, age, quantity, averageWeight, reserve, auctioneer, buyer, sellingPricePerKg, passedIn) VALUES (N'C1619', 1619, 239, 101, N'F_Dav     ', N'Fresian X           ', N'S', 2, 7,512.00, NULL, N'F_Mik     ', 66, 2.9000, NULL);
INSERT CattleLot (auctionId, auctionDay, lotNumber, seller, agent, breed, sex, age, quantity, averageWeight, reserve, auctioneer, buyer, sellingPricePerKg, passedIn) VALUES (N'C1619', 1619, 240, 70, N'P_Bar     ', N'Angus               ', N'H', 3, 17,1087.00, NULL, N'P_Jan     ', 77, 2.9300, NULL);
INSERT CattleLot (auctionId, auctionDay, lotNumber, seller, agent, breed, sex, age, quantity, averageWeight, reserve, auctioneer, buyer, sellingPricePerKg, passedIn) VALUES (N'C1619', 1619, 241, 59, N'D_Dav     ', N'Angus               ', N'H', 3, 8,753.00, NULL, N'D_Dav     ', 78, 3.3900, NULL);
INSERT CattleLot (auctionId, auctionDay, lotNumber, seller, agent, breed, sex, age, quantity, averageWeight, reserve, auctioneer, buyer, sellingPricePerKg, passedIn) VALUES (N'C1619', 1619, 242, 41, N'P_Jan     ', N'Angus               ', N'B', 1, 9,564.00, 2.8600, N'P_Jan     ', 46, 3.4600, NULL);
INSERT CattleLot (auctionId, auctionDay, lotNumber, seller, agent, breed, sex, age, quantity, averageWeight, reserve, auctioneer, buyer, sellingPricePerKg, passedIn) VALUES (N'C1619', 1619, 243, 62, N'P_Lis     ', N'Angus X             ', N'S', 1, 8,1096.00, NULL, N'P_Jan     ', 46, 2.9900, NULL);
INSERT CattleLot (auctionId, auctionDay, lotNumber, seller, agent, breed, sex, age, quantity, averageWeight, reserve, auctioneer, buyer, sellingPricePerKg, passedIn) VALUES (N'C1619', 1619, 244, 59, N'D_Dav     ', N'Hereford            ', N'S', 2, 7,887.00, NULL, N'D_Dav     ', 78, 2.8600, NULL);
INSERT CattleLot (auctionId, auctionDay, lotNumber, seller, agent, breed, sex, age, quantity, averageWeight, reserve, auctioneer, buyer, sellingPricePerKg, passedIn) VALUES (N'C1619', 1619, 245, 42, N'F_Don     ', N'Angus               ', N'S', 2, 15,545.00, 2.2900, N'F_Don     ', 56, 3.2800, NULL);
INSERT CattleLot (auctionId, auctionDay, lotNumber, seller, agent, breed, sex, age, quantity, averageWeight, reserve, auctioneer, buyer, sellingPricePerKg, passedIn) VALUES (N'C1619', 1619, 246, 87, N'P_Bar     ', N'Angus X             ', N'S', 3, 5,650.00, NULL, N'P_Jan     ', 54, 3.0300, NULL);
INSERT CattleLot (auctionId, auctionDay, lotNumber, seller, agent, breed, sex, age, quantity, averageWeight, reserve, auctioneer, buyer, sellingPricePerKg, passedIn) VALUES (N'C1619', 1619, 247, 38, N'P_Jan     ', N'Charolais           ', N'H', 3, 7,767.00, NULL, N'P_Jan     ', 64, 2.7500, NULL);
INSERT CattleLot (auctionId, auctionDay, lotNumber, seller, agent, breed, sex, age, quantity, averageWeight, reserve, auctioneer, buyer, sellingPricePerKg, passedIn) VALUES (N'C1619', 1619, 248, 41, N'P_Jan     ', N'Fresian             ', N'B', 3, 4,922.00, NULL, N'P_Jan     ', 73, 3.0500, NULL);
INSERT CattleLot (auctionId, auctionDay, lotNumber, seller, agent, breed, sex, age, quantity, averageWeight, reserve, auctioneer, buyer, sellingPricePerKg, passedIn) VALUES (N'C1619', 1619, 249, 40, N'F_Dav     ', N'Fresian X           ', N'S', 2, 13,607.00, NULL, N'F_Don     ', 39, 2.8000, NULL);
INSERT CattleLot (auctionId, auctionDay, lotNumber, seller, agent, breed, sex, age, quantity, averageWeight, reserve, auctioneer, buyer, sellingPricePerKg, passedIn) VALUES (N'C1619', 1619, 250, 58, N'P_Jan     ', N'Angus               ', N'B', 2, 9,526.00, NULL, N'P_Jan     ', 75, 3.2700, NULL);
INSERT CattleLot (auctionId, auctionDay, lotNumber, seller, agent, breed, sex, age, quantity, averageWeight, reserve, auctioneer, buyer, sellingPricePerKg, passedIn) VALUES (N'C1619', 1619, 251, 85, N'F_Leo     ', N'Angus               ', N'B', 2, 3,1032.00, NULL, N'F_Mik     ', 62, 2.9700, NULL);
INSERT CattleLot (auctionId, auctionDay, lotNumber, seller, agent, breed, sex, age, quantity, averageWeight, reserve, auctioneer, buyer, sellingPricePerKg, passedIn) VALUES (N'C1619', 1619, 252, 41, N'P_Jan     ', N'Beef X              ', N'S', 2, 4,736.00, NULL, N'P_Jan     ', 66, 3.3200, NULL);
INSERT CattleLot (auctionId, auctionDay, lotNumber, seller, agent, breed, sex, age, quantity, averageWeight, reserve, auctioneer, buyer, sellingPricePerKg, passedIn) VALUES (N'C1619', 1619, 253, 59, N'D_Dav     ', N'Angus               ', N'H', 4, 4,699.00, NULL, N'D_Dav     ', 77, 2.7800, NULL);
INSERT CattleLot (auctionId, auctionDay, lotNumber, seller, agent, breed, sex, age, quantity, averageWeight, reserve, auctioneer, buyer, sellingPricePerKg, passedIn) VALUES (N'C1619', 1619, 254, 88, N'F_Mik     ', N'Angus X             ', N'H', 4, 20,970.00, NULL, N'F_Mik     ', 54, 2.6500, NULL);
INSERT CattleLot (auctionId, auctionDay, lotNumber, seller, agent, breed, sex, age, quantity, averageWeight, reserve, auctioneer, buyer, sellingPricePerKg, passedIn) VALUES (N'C1619', 1619, 255, 57, N'P_Jan     ', N'Hereford            ', N'B', 2, 16,885.00, NULL, N'P_Jan     ', 77, 2.6700, NULL);
INSERT CattleLot (auctionId, auctionDay, lotNumber, seller, agent, breed, sex, age, quantity, averageWeight, reserve, auctioneer, buyer, sellingPricePerKg, passedIn) VALUES (N'C1619', 1619, 256, 38, N'P_Jan     ', N'Angus               ', N'S', 3, 5,955.00, NULL, N'P_Jan     ', 61, 2.9000, NULL);
INSERT CattleLot (auctionId, auctionDay, lotNumber, seller, agent, breed, sex, age, quantity, averageWeight, reserve, auctioneer, buyer, sellingPricePerKg, passedIn) VALUES (N'C1619', 1619, 257, 76, N'D_Big     ', N'Angus X             ', N'S', 2, 8,974.00, NULL, N'D_Big     ', 61, 3.1100, NULL);
INSERT CattleLot (auctionId, auctionDay, lotNumber, seller, agent, breed, sex, age, quantity, averageWeight, reserve, auctioneer, buyer, sellingPricePerKg, passedIn) VALUES (N'C1619', 1619, 258, 60, N'D_Dav     ', N'Charolais           ', N'S', 2, 8,872.00, NULL, N'D_Dav     ', 56, 2.7700, NULL);
INSERT CattleLot (auctionId, auctionDay, lotNumber, seller, agent, breed, sex, age, quantity, averageWeight, reserve, auctioneer, buyer, sellingPricePerKg, passedIn) VALUES (N'C1619', 1619, 259, 84, N'F_Shr     ', N'Fresian             ', N'S', 2, 15,611.00, NULL, N'F_Ral     ', 39, 2.8200, NULL);
INSERT CattleLot (auctionId, auctionDay, lotNumber, seller, agent, breed, sex, age, quantity, averageWeight, reserve, auctioneer, buyer, sellingPricePerKg, passedIn) VALUES (N'C1619', 1619, 260, 61, N'F_Mic     ', N'Fresian X           ', N'H', 2, 10,758.00, NULL, N'F_Mik     ', 75, 3.2300, NULL);
INSERT CattleLot (auctionId, auctionDay, lotNumber, seller, agent, breed, sex, age, quantity, averageWeight, reserve, auctioneer, buyer, sellingPricePerKg, passedIn) VALUES (N'C1619', 1619, 261, 38, N'P_Jan     ', N'Angus               ', N'B', 2, 8,796.00, NULL, N'P_Jan     ', 80, 3.3400, NULL);
INSERT CattleLot (auctionId, auctionDay, lotNumber, seller, agent, breed, sex, age, quantity, averageWeight, reserve, auctioneer, buyer, sellingPricePerKg, passedIn) VALUES (N'C1619', 1619, 262, 39, N'F_Ral     ', N'Angus               ', N'S', 3, 10,926.00, NULL, N'F_Ral     ', 66, 3.5000, NULL);
INSERT CattleLot (auctionId, auctionDay, lotNumber, seller, agent, breed, sex, age, quantity, averageWeight, reserve, auctioneer, buyer, sellingPricePerKg, passedIn) VALUES (N'C1619', 1619, 263, 70, N'P_Bar     ', N'Beef X              ', N'B', 3, 2,929.00, NULL, N'P_Jan     ', 74, 2.8200, NULL);
INSERT CattleLot (auctionId, auctionDay, lotNumber, seller, agent, breed, sex, age, quantity, averageWeight, reserve, auctioneer, buyer, sellingPricePerKg, passedIn) VALUES (N'C1619', 1619, 264, 76, N'D_Big     ', N'Beef X              ', N'B', 1, 8,737.00, NULL, N'D_Big     ', 61, 3.0400, NULL);
INSERT CattleLot (auctionId, auctionDay, lotNumber, seller, agent, breed, sex, age, quantity, averageWeight, reserve, auctioneer, buyer, sellingPricePerKg, passedIn) VALUES (N'C1619', 1619, 265, 74, N'F_Don     ', N'Beef X              ', N'S', 1, 5,937.00, NULL, N'F_Don     ', 66, 2.6900, NULL);
INSERT CattleLot (auctionId, auctionDay, lotNumber, seller, agent, breed, sex, age, quantity, averageWeight, reserve, auctioneer, buyer, sellingPricePerKg, passedIn) VALUES (N'C1619', 1619, 266, 62, N'P_Lis     ', N'Beef X              ', N'H', 2, 20,1003.00, NULL, N'P_Jan     ', 60, 2.7500, NULL);
INSERT CattleLot (auctionId, auctionDay, lotNumber, seller, agent, breed, sex, age, quantity, averageWeight, reserve, auctioneer, buyer, sellingPricePerKg, passedIn) VALUES (N'C1619', 1619, 267, 39, N'F_Ral     ', N'Beef X              ', N'H', 2, 13,960.00, NULL, N'F_Ral     ', 62, 2.6000, NULL);
INSERT CattleLot (auctionId, auctionDay, lotNumber, seller, agent, breed, sex, age, quantity, averageWeight, reserve, auctioneer, buyer, sellingPricePerKg, passedIn) VALUES (N'C1619', 1619, 268, 38, N'P_Jan     ', N'Beef X              ', N'B', 3, 13,1001.00, NULL, N'P_Jan     ', 62, 2.9500, NULL);
INSERT CattleLot (auctionId, auctionDay, lotNumber, seller, agent, breed, sex, age, quantity, averageWeight, reserve, auctioneer, buyer, sellingPricePerKg, passedIn) VALUES (N'C1620', 1620, 1, 57, N'P_Jan     ', N'Angus X             ', N'B', 1, 13,656.00, NULL, N'P_Jan     ', 65, 2.9800, 0);
INSERT CattleLot (auctionId, auctionDay, lotNumber, seller, agent, breed, sex, age, quantity, averageWeight, reserve, auctioneer, buyer, sellingPricePerKg, passedIn) VALUES (N'C1620', 1620, 2, 65, N'P_Bar     ', N'Angus               ', N'H', 3, 9,862.00, NULL, N'P_Jan     ', 62, 3.4300, 0);
INSERT CattleLot (auctionId, auctionDay, lotNumber, seller, agent, breed, sex, age, quantity, averageWeight, reserve, auctioneer, buyer, sellingPricePerKg, passedIn) VALUES (N'C1620', 1620, 3, 41, N'P_Jan     ', N'Angus               ', N'S', 2, 8,560.00, 2.4900, N'P_Jan     ', 46, 3.2400, 0);
INSERT CattleLot (auctionId, auctionDay, lotNumber, seller, agent, breed, sex, age, quantity, averageWeight, reserve, auctioneer, buyer, sellingPricePerKg, passedIn) VALUES (N'C1620', 1620, 4, 41, N'P_Jan     ', N'Hereford            ', N'B', 2, 8,889.00, NULL, N'P_Jan     ', 56, 2.8000, 0);
INSERT CattleLot (auctionId, auctionDay, lotNumber, seller, agent, breed, sex, age, quantity, averageWeight, reserve, auctioneer, buyer, sellingPricePerKg, passedIn) VALUES (N'C1620', 1620, 5, 78, N'D_Dav     ', N'Charolais           ', N'B', 3, 7,545.00, NULL, N'D_Dav     ', 39, 3.0400, 0);
INSERT CattleLot (auctionId, auctionDay, lotNumber, seller, agent, breed, sex, age, quantity, averageWeight, reserve, auctioneer, buyer, sellingPricePerKg, passedIn) VALUES (N'C1620', 1620, 6, 86, N'F_Shr     ', N'Fresian             ', N'S', 2, 11,869.00, NULL, N'F_Ral     ', 61, 3.0700, 0);
INSERT CattleLot (auctionId, auctionDay, lotNumber, seller, agent, breed, sex, age, quantity, averageWeight, reserve, auctioneer, buyer, sellingPricePerKg, passedIn) VALUES (N'C1620', 1620, 7, 43, N'F_Shr     ', N'Angus               ', N'S', 2, 17,777.00, NULL, N'F_Mik     ', 54, 3.0500, 0);
INSERT CattleLot (auctionId, auctionDay, lotNumber, seller, agent, breed, sex, age, quantity, averageWeight, reserve, auctioneer, buyer, sellingPricePerKg, passedIn) VALUES (N'C1620', 1620, 8, 87, N'P_Bar     ', N'Angus               ', N'S', 3, 20,505.00, NULL, N'P_Jan     ', 75, 2.9600, 0);
INSERT CattleLot (auctionId, auctionDay, lotNumber, seller, agent, breed, sex, age, quantity, averageWeight, reserve, auctioneer, buyer, sellingPricePerKg, passedIn) VALUES (N'C1620', 1620, 9, 87, N'P_Bar     ', N'Charolais           ', N'S', 2, 20,502.00, NULL, N'P_Jan     ', 65, 3.1600, 0);
INSERT CattleLot (auctionId, auctionDay, lotNumber, seller, agent, breed, sex, age, quantity, averageWeight, reserve, auctioneer, buyer, sellingPricePerKg, passedIn) VALUES (N'C1620', 1620, 10, 43, N'F_Shr     ', N'Angus X             ', N'S', 2, 4,624.00, NULL, N'F_Mik     ', 60, 3.1000, 0);
INSERT CattleLot (auctionId, auctionDay, lotNumber, seller, agent, breed, sex, age, quantity, averageWeight, reserve, auctioneer, buyer, sellingPricePerKg, passedIn) VALUES (N'C1620', 1620, 11, 61, N'F_Mic     ', N'Charolais           ', N'S', 3, 14,864.00, NULL, N'F_Mik     ', 66, 3.1800, 0);
INSERT CattleLot (auctionId, auctionDay, lotNumber, seller, agent, breed, sex, age, quantity, averageWeight, reserve, auctioneer, buyer, sellingPricePerKg, passedIn) VALUES (N'C1620', 1620, 12, 86, N'F_Shr     ', N'Angus               ', N'B', 2, 7,788.00, 3.4000, N'F_Ral     ', 75, NULL, 1);
INSERT CattleLot (auctionId, auctionDay, lotNumber, seller, agent, breed, sex, age, quantity, averageWeight, reserve, auctioneer, buyer, sellingPricePerKg, passedIn) VALUES (N'C1620', 1620, 13, 58, N'P_Jan     ', N'Angus X             ', N'H', 2, 10,582.00, NULL, N'P_Jan     ', 39, 3.4600, 0);
INSERT CattleLot (auctionId, auctionDay, lotNumber, seller, agent, breed, sex, age, quantity, averageWeight, reserve, auctioneer, buyer, sellingPricePerKg, passedIn) VALUES (N'C1620', 1620, 14, 39, N'F_Ral     ', N'Hereford            ', N'S', 2, 14,627.00, NULL, N'F_Ral     ', 62, 3.1800, 0);
INSERT CattleLot (auctionId, auctionDay, lotNumber, seller, agent, breed, sex, age, quantity, averageWeight, reserve, auctioneer, buyer, sellingPricePerKg, passedIn) VALUES (N'C1620', 1620, 15, 85, N'F_Leo     ', N'Angus X             ', N'H', 3, 13,945.00, NULL, N'F_Mik     ', 65, 3.4300, 0);
INSERT CattleLot (auctionId, auctionDay, lotNumber, seller, agent, breed, sex, age, quantity, averageWeight, reserve, auctioneer, buyer, sellingPricePerKg, passedIn) VALUES (N'C1620', 1620, 16, 39, N'F_Ral     ', N'Fresian             ', N'S', 2, 15,923.00, NULL, N'F_Ral     ', 64, 2.7800, 0);
INSERT CattleLot (auctionId, auctionDay, lotNumber, seller, agent, breed, sex, age, quantity, averageWeight, reserve, auctioneer, buyer, sellingPricePerKg, passedIn) VALUES (N'C1620', 1620, 17, 39, N'F_Ral     ', N'Angus X             ', N'S', 3, 3,723.00, NULL, N'F_Ral     ', 63, 2.7500, 0);
INSERT CattleLot (auctionId, auctionDay, lotNumber, seller, agent, breed, sex, age, quantity, averageWeight, reserve, auctioneer, buyer, sellingPricePerKg, passedIn) VALUES (N'C1620', 1620, 18, 43, N'F_Shr     ', N'Angus               ', N'S', 2, 3,675.00, NULL, N'F_Ral     ', 54, 2.9900, 0);
INSERT CattleLot (auctionId, auctionDay, lotNumber, seller, agent, breed, sex, age, quantity, averageWeight, reserve, auctioneer, buyer, sellingPricePerKg, passedIn) VALUES (N'C1620', 1620, 19, 77, N'F_Don     ', N'Angus               ', N'S', 3, 12,766.00, NULL, N'F_Don     ', 80, 2.8800, 0);
INSERT CattleLot (auctionId, auctionDay, lotNumber, seller, agent, breed, sex, age, quantity, averageWeight, reserve, auctioneer, buyer, sellingPricePerKg, passedIn) VALUES (N'C1620', 1620, 20, 60, N'D_Dav     ', N'Fresian X           ', N'B', 3, 20,751.00, NULL, N'D_Dav     ', 77, 2.9200, 0);
INSERT CattleLot (auctionId, auctionDay, lotNumber, seller, agent, breed, sex, age, quantity, averageWeight, reserve, auctioneer, buyer, sellingPricePerKg, passedIn) VALUES (N'C1620', 1620, 21, 74, N'F_Don     ', N'Hereford            ', N'S', 2, 11,629.00, NULL, N'F_Don     ', 74, 2.9700, 0);
INSERT CattleLot (auctionId, auctionDay, lotNumber, seller, agent, breed, sex, age, quantity, averageWeight, reserve, auctioneer, buyer, sellingPricePerKg, passedIn) VALUES (N'C1620', 1620, 22, 70, N'P_Bar     ', N'Angus X             ', N'S', 2, 2,1017.00, NULL, N'P_Jan     ', 61, 3.3500, 0);
INSERT CattleLot (auctionId, auctionDay, lotNumber, seller, agent, breed, sex, age, quantity, averageWeight, reserve, auctioneer, buyer, sellingPricePerKg, passedIn) VALUES (N'C1620', 1620, 23, 87, N'P_Bar     ', N'Beef X              ', N'S', 1, 2,901.00, 3.2000, N'P_Jan     ', 54, NULL, 1);
INSERT CattleLot (auctionId, auctionDay, lotNumber, seller, agent, breed, sex, age, quantity, averageWeight, reserve, auctioneer, buyer, sellingPricePerKg, passedIn) VALUES (N'C1620', 1620, 24, 37, N'F_Mic     ', N'Fresian X           ', N'B', 2, 3,996.00, NULL, N'F_Don     ', 59, 3.1300, 0);
INSERT CattleLot (auctionId, auctionDay, lotNumber, seller, agent, breed, sex, age, quantity, averageWeight, reserve, auctioneer, buyer, sellingPricePerKg, passedIn) VALUES (N'C1620', 1620, 25, 41, N'P_Jan     ', N'Angus               ', N'S', 2, 18,611.00, NULL, N'P_Jan     ', 66, 3.1200, 0);
INSERT CattleLot (auctionId, auctionDay, lotNumber, seller, agent, breed, sex, age, quantity, averageWeight, reserve, auctioneer, buyer, sellingPricePerKg, passedIn) VALUES (N'C1620', 1620, 26, 38, N'P_Jan     ', N'Fresian X           ', N'S', 1, 10,687.00, NULL, N'P_Jan     ', 74, 2.7400, 0);
INSERT CattleLot (auctionId, auctionDay, lotNumber, seller, agent, breed, sex, age, quantity, averageWeight, reserve, auctioneer, buyer, sellingPricePerKg, passedIn) VALUES (N'C1620', 1620, 27, 85, N'F_Leo     ', N'Fresian X           ', N'S', 2, 3,904.00, NULL, N'F_Mik     ', 46, 2.8500, 0);
INSERT CattleLot (auctionId, auctionDay, lotNumber, seller, agent, breed, sex, age, quantity, averageWeight, reserve, auctioneer, buyer, sellingPricePerKg, passedIn) VALUES (N'C1620', 1620, 28, 69, N'D_Dav     ', N'Angus               ', N'S', 3, 4,673.00, NULL, N'D_Dav     ', 60, 2.7300, 0);
INSERT CattleLot (auctionId, auctionDay, lotNumber, seller, agent, breed, sex, age, quantity, averageWeight, reserve, auctioneer, buyer, sellingPricePerKg, passedIn) VALUES (N'C1620', 1620, 29, 69, N'D_Dav     ', N'Fresian X           ', N'S', 2, 9,631.00, NULL, N'D_Dav     ', 66, 3.2400, 0);
INSERT CattleLot (auctionId, auctionDay, lotNumber, seller, agent, breed, sex, age, quantity, averageWeight, reserve, auctioneer, buyer, sellingPricePerKg, passedIn) VALUES (N'C1620', 1620, 30, 41, N'P_Jan     ', N'Angus X             ', N'H', 2, 11,855.00, NULL, N'P_Jan     ', 64, 2.7100, 0);
INSERT CattleLot (auctionId, auctionDay, lotNumber, seller, agent, breed, sex, age, quantity, averageWeight, reserve, auctioneer, buyer, sellingPricePerKg, passedIn) VALUES (N'C1620', 1620, 31, 69, N'D_Dav     ', N'Fresian             ', N'H', 2, 2,630.00, NULL, N'D_Dav     ', 61, 3.4400, 0);
INSERT CattleLot (auctionId, auctionDay, lotNumber, seller, agent, breed, sex, age, quantity, averageWeight, reserve, auctioneer, buyer, sellingPricePerKg, passedIn) VALUES (N'C1620', 1620, 32, 69, N'D_Dav     ', N'Hereford            ', N'S', 2, 4,614.00, NULL, N'D_Dav     ', 79, 3.0800, 0);
INSERT CattleLot (auctionId, auctionDay, lotNumber, seller, agent, breed, sex, age, quantity, averageWeight, reserve, auctioneer, buyer, sellingPricePerKg, passedIn) VALUES (N'C1620', 1620, 33, 88, N'F_Mik     ', N'Hereford            ', N'H', 2, 5,1055.00, NULL, N'F_Mik     ', 61, 3.1600, 0);
INSERT CattleLot (auctionId, auctionDay, lotNumber, seller, agent, breed, sex, age, quantity, averageWeight, reserve, auctioneer, buyer, sellingPricePerKg, passedIn) VALUES (N'C1620', 1620, 34, 58, N'P_Jan     ', N'Fresian X           ', N'H', 2, 7,909.00, NULL, N'P_Jan     ', 75, 3.4500, 0);
INSERT CattleLot (auctionId, auctionDay, lotNumber, seller, agent, breed, sex, age, quantity, averageWeight, reserve, auctioneer, buyer, sellingPricePerKg, passedIn) VALUES (N'C1620', 1620, 35, 69, N'D_Dav     ', N'Fresian             ', N'B', 3, 5,1065.00, NULL, N'D_Dav     ', 64, 2.9300, 0);
INSERT CattleLot (auctionId, auctionDay, lotNumber, seller, agent, breed, sex, age, quantity, averageWeight, reserve, auctioneer, buyer, sellingPricePerKg, passedIn) VALUES (N'C1620', 1620, 36, 65, N'P_Bar     ', N'Fresian X           ', N'H', 4, 13,678.00, 3.0100, N'F_Ral     ', 56, NULL, 1);
INSERT CattleLot (auctionId, auctionDay, lotNumber, seller, agent, breed, sex, age, quantity, averageWeight, reserve, auctioneer, buyer, sellingPricePerKg, passedIn) VALUES (N'C1620', 1620, 37, 87, N'P_Bar     ', N'Angus X             ', N'S', 2, 7,787.00, NULL, N'P_Jan     ', 60, 3.2500, 0);
INSERT CattleLot (auctionId, auctionDay, lotNumber, seller, agent, breed, sex, age, quantity, averageWeight, reserve, auctioneer, buyer, sellingPricePerKg, passedIn) VALUES (N'C1620', 1620, 38, 61, N'F_Mic     ', N'Angus               ', N'S', 2, 17,1088.00, NULL, N'F_Mik     ', 62, 3.2400, 0);
INSERT CattleLot (auctionId, auctionDay, lotNumber, seller, agent, breed, sex, age, quantity, averageWeight, reserve, auctioneer, buyer, sellingPricePerKg, passedIn) VALUES (N'C1620', 1620, 39, 41, N'P_Jan     ', N'Angus               ', N'B', 2, 16,987.00, NULL, N'P_Jan     ', 56, 2.8400, 0);
INSERT CattleLot (auctionId, auctionDay, lotNumber, seller, agent, breed, sex, age, quantity, averageWeight, reserve, auctioneer, buyer, sellingPricePerKg, passedIn) VALUES (N'C1620', 1620, 40, 58, N'P_Jan     ', N'Angus               ', N'S', 3, 12,1004.00, NULL, N'P_Jan     ', 61, 3.2200, 0);
INSERT CattleLot (auctionId, auctionDay, lotNumber, seller, agent, breed, sex, age, quantity, averageWeight, reserve, auctioneer, buyer, sellingPricePerKg, passedIn) VALUES (N'C1620', 1620, 41, 60, N'D_Dav     ', N'Fresian             ', N'S', 3, 3,1024.00, NULL, N'D_Dav     ', 63, 3.4400, 0);
INSERT CattleLot (auctionId, auctionDay, lotNumber, seller, agent, breed, sex, age, quantity, averageWeight, reserve, auctioneer, buyer, sellingPricePerKg, passedIn) VALUES (N'C1620', 1620, 42, 42, N'F_Don     ', N'Fresian             ', N'B', 2, 9,867.00, NULL, N'F_Don     ', 66, 3.1800, 0);
INSERT CattleLot (auctionId, auctionDay, lotNumber, seller, agent, breed, sex, age, quantity, averageWeight, reserve, auctioneer, buyer, sellingPricePerKg, passedIn) VALUES (N'C1620', 1620, 43, 32, N'P_Lis     ', N'Angus X             ', N'B', 2, 1,530.00, NULL, N'P_Jan     ', 46, 2.9600, 0);
INSERT CattleLot (auctionId, auctionDay, lotNumber, seller, agent, breed, sex, age, quantity, averageWeight, reserve, auctioneer, buyer, sellingPricePerKg, passedIn) VALUES (N'C1620', 1620, 44, 37, N'F_Mic     ', N'Charolais           ', N'H', 2, 17,658.00, NULL, N'F_Don     ', 46, 3.3700, 0);
INSERT CattleLot (auctionId, auctionDay, lotNumber, seller, agent, breed, sex, age, quantity, averageWeight, reserve, auctioneer, buyer, sellingPricePerKg, passedIn) VALUES (N'C1620', 1620, 45, 86, N'F_Shr     ', N'Angus X             ', N'B', 2, 4,602.00, NULL, N'F_Mik     ', 60, 2.9400, 0);
INSERT CattleLot (auctionId, auctionDay, lotNumber, seller, agent, breed, sex, age, quantity, averageWeight, reserve, auctioneer, buyer, sellingPricePerKg, passedIn) VALUES (N'C1620', 1620, 46, 65, N'P_Bar     ', N'Angus               ', N'B', 3, 9,669.00, NULL, N'P_Jan     ', 39, 2.8600, 0);
INSERT CattleLot (auctionId, auctionDay, lotNumber, seller, agent, breed, sex, age, quantity, averageWeight, reserve, auctioneer, buyer, sellingPricePerKg, passedIn) VALUES (N'C1620', 1620, 49, 101, N'F_Dav     ', N'Angus               ', N'B', 4, 19,601.00, NULL, N'F_Mik     ', 39, 2.8300, 0);
INSERT CattleLot (auctionId, auctionDay, lotNumber, seller, agent, breed, sex, age, quantity, averageWeight, reserve, auctioneer, buyer, sellingPricePerKg, passedIn) VALUES (N'C1620', 1620, 50, 84, N'F_Shr     ', N'Angus               ', N'H', 1, 11,526.00, NULL, N'F_Ral     ', 59, 2.6400, 0);
INSERT CattleLot (auctionId, auctionDay, lotNumber, seller, agent, breed, sex, age, quantity, averageWeight, reserve, auctioneer, buyer, sellingPricePerKg, passedIn) VALUES (N'C1620', 1620, 51, 42, N'F_Don     ', N'Angus               ', N'S', 3, 4,984.00, NULL, N'F_Don     ', 79, 3.2800, 0);
INSERT CattleLot (auctionId, auctionDay, lotNumber, seller, agent, breed, sex, age, quantity, averageWeight, reserve, auctioneer, buyer, sellingPricePerKg, passedIn) VALUES (N'C1620', 1620, 52, 42, N'F_Don     ', N'Angus               ', N'H', 3, 10,1008.00, NULL, N'F_Don     ', 79, 3.2100, 0);
INSERT CattleLot (auctionId, auctionDay, lotNumber, seller, agent, breed, sex, age, quantity, averageWeight, reserve, auctioneer, buyer, sellingPricePerKg, passedIn) VALUES (N'C1620', 1620, 53, 65, N'P_Bar     ', N'Angus               ', N'H', 4, 8,617.00, NULL, N'P_Jan     ', 61, 2.8800, 0);
INSERT CattleLot (auctionId, auctionDay, lotNumber, seller, agent, breed, sex, age, quantity, averageWeight, reserve, auctioneer, buyer, sellingPricePerKg, passedIn) VALUES (N'C1620', 1620, 54, 78, N'D_Dav     ', N'Angus X             ', N'S', 2, 16,520.00, NULL, N'D_Dav     ', 54, 2.9200, 0);
INSERT CattleLot (auctionId, auctionDay, lotNumber, seller, agent, breed, sex, age, quantity, averageWeight, reserve, auctioneer, buyer, sellingPricePerKg, passedIn) VALUES (N'C1620', 1620, 55, 43, N'F_Shr     ', N'Angus               ', N'H', 3, 7,563.00, 2.7700, N'F_Ral     ', 77, 2.7800, 0);
INSERT CattleLot (auctionId, auctionDay, lotNumber, seller, agent, breed, sex, age, quantity, averageWeight, reserve, auctioneer, buyer, sellingPricePerKg, passedIn) VALUES (N'C1620', 1620, 56, 87, N'P_Bar     ', N'Fresian X           ', N'H', 2, 16,771.00, NULL, N'P_Jan     ', 46, 2.6000, 0);
INSERT CattleLot (auctionId, auctionDay, lotNumber, seller, agent, breed, sex, age, quantity, averageWeight, reserve, auctioneer, buyer, sellingPricePerKg, passedIn) VALUES (N'C1620', 1620, 57, 78, N'D_Dav     ', N'Angus X             ', N'S', 3, 13,614.00, NULL, N'D_Dav     ', 78, 3.2500, 0);
INSERT CattleLot (auctionId, auctionDay, lotNumber, seller, agent, breed, sex, age, quantity, averageWeight, reserve, auctioneer, buyer, sellingPricePerKg, passedIn) VALUES (N'C1620', 1620, 58, 84, N'F_Shr     ', N'Angus X             ', N'S', 2, 15,994.00, NULL, N'F_Ral     ', 60, 2.9200, 0);
INSERT CattleLot (auctionId, auctionDay, lotNumber, seller, agent, breed, sex, age, quantity, averageWeight, reserve, auctioneer, buyer, sellingPricePerKg, passedIn) VALUES (N'C1620', 1620, 59, 58, N'P_Jan     ', N'Angus X             ', N'S', 1, 3,1061.00, NULL, N'P_Jan     ', 75, 3.3600, 0);
INSERT CattleLot (auctionId, auctionDay, lotNumber, seller, agent, breed, sex, age, quantity, averageWeight, reserve, auctioneer, buyer, sellingPricePerKg, passedIn) VALUES (N'C1620', 1620, 60, 76, N'D_Big     ', N'Hereford            ', N'B', 2, 1,507.00, NULL, N'D_Big     ', 66, 3.0600, 0);
INSERT CattleLot (auctionId, auctionDay, lotNumber, seller, agent, breed, sex, age, quantity, averageWeight, reserve, auctioneer, buyer, sellingPricePerKg, passedIn) VALUES (N'C1620', 1620, 61, 39, N'F_Ral     ', N'Fresian X           ', N'B', 3, 2,1035.00, NULL, N'F_Ral     ', 62, 2.7300, 0);
INSERT CattleLot (auctionId, auctionDay, lotNumber, seller, agent, breed, sex, age, quantity, averageWeight, reserve, auctioneer, buyer, sellingPricePerKg, passedIn) VALUES (N'C1620', 1620, 62, 88, N'F_Mik     ', N'Angus               ', N'S', 2, 6,590.00, NULL, N'F_Mik     ', 75, 3.1400, 0);
INSERT CattleLot (auctionId, auctionDay, lotNumber, seller, agent, breed, sex, age, quantity, averageWeight, reserve, auctioneer, buyer, sellingPricePerKg, passedIn) VALUES (N'C1620', 1620, 63, 88, N'F_Mik     ', N'Hereford            ', N'B', 2, 9,735.00, NULL, N'F_Mik     ', 56, 2.9800, 0);
INSERT CattleLot (auctionId, auctionDay, lotNumber, seller, agent, breed, sex, age, quantity, averageWeight, reserve, auctioneer, buyer, sellingPricePerKg, passedIn) VALUES (N'C1620', 1620, 64, 85, N'F_Leo     ', N'Fresian             ', N'S', 2, 17,880.00, NULL, N'F_Mik     ', 62, 2.7300, 0);
INSERT CattleLot (auctionId, auctionDay, lotNumber, seller, agent, breed, sex, age, quantity, averageWeight, reserve, auctioneer, buyer, sellingPricePerKg, passedIn) VALUES (N'C1620', 1620, 65, 59, N'D_Dav     ', N'Angus X             ', N'S', 2, 9,520.00, NULL, N'D_Dav     ', 80, 2.7400, 0);
INSERT CattleLot (auctionId, auctionDay, lotNumber, seller, agent, breed, sex, age, quantity, averageWeight, reserve, auctioneer, buyer, sellingPricePerKg, passedIn) VALUES (N'C1620', 1620, 66, 32, N'P_Lis     ', N'Angus               ', N'H', 2, 5,1088.00, NULL, N'P_Jan     ', 48, 2.7000, 0);
INSERT CattleLot (auctionId, auctionDay, lotNumber, seller, agent, breed, sex, age, quantity, averageWeight, reserve, auctioneer, buyer, sellingPricePerKg, passedIn) VALUES (N'C1620', 1620, 67, 101, N'F_Dav     ', N'Fresian X           ', N'S', 2, 5,675.00, NULL, N'F_Mik     ', 61, 2.6500, 0);
INSERT CattleLot (auctionId, auctionDay, lotNumber, seller, agent, breed, sex, age, quantity, averageWeight, reserve, auctioneer, buyer, sellingPricePerKg, passedIn) VALUES (N'C1620', 1620, 68, 57, N'P_Jan     ', N'Angus               ', N'H', 2, 7,903.00, NULL, N'P_Jan     ', 63, 2.7900, 0);
INSERT CattleLot (auctionId, auctionDay, lotNumber, seller, agent, breed, sex, age, quantity, averageWeight, reserve, auctioneer, buyer, sellingPricePerKg, passedIn) VALUES (N'C1620', 1620, 69, 60, N'D_Dav     ', N'Fresian             ', N'S', 1, 4,1070.00, NULL, N'D_Dav     ', 65, 2.9400, 0);
INSERT CattleLot (auctionId, auctionDay, lotNumber, seller, agent, breed, sex, age, quantity, averageWeight, reserve, auctioneer, buyer, sellingPricePerKg, passedIn) VALUES (N'C1620', 1620, 70, 40, N'F_Dav     ', N'Angus               ', N'B', 2, 5,677.00, NULL, N'F_Don     ', 56, 3.1700, 0);
INSERT CattleLot (auctionId, auctionDay, lotNumber, seller, agent, breed, sex, age, quantity, averageWeight, reserve, auctioneer, buyer, sellingPricePerKg, passedIn) VALUES (N'C1620', 1620, 71, 49, N'F_Mik     ', N'Fresian             ', N'S', 2, 8,643.00, NULL, N'F_Mik     ', 74, 3.3600, 0);
INSERT CattleLot (auctionId, auctionDay, lotNumber, seller, agent, breed, sex, age, quantity, averageWeight, reserve, auctioneer, buyer, sellingPricePerKg, passedIn) VALUES (N'C1620', 1620, 72, 32, N'P_Lis     ', N'Angus X             ', N'S', 1, 9,850.00, NULL, N'P_Jan     ', 65, 3.0100, 0);
INSERT CattleLot (auctionId, auctionDay, lotNumber, seller, agent, breed, sex, age, quantity, averageWeight, reserve, auctioneer, buyer, sellingPricePerKg, passedIn) VALUES (N'C1620', 1620, 73, 58, N'P_Jan     ', N'Angus               ', N'S', 1, 19,931.00, NULL, N'P_Jan     ', 56, 2.9700, 0);
INSERT CattleLot (auctionId, auctionDay, lotNumber, seller, agent, breed, sex, age, quantity, averageWeight, reserve, auctioneer, buyer, sellingPricePerKg, passedIn) VALUES (N'C1620', 1620, 74, 65, N'P_Bar     ', N'Angus               ', N'S', 2, 12,549.00, 2.8000, N'P_Jan     ', 80, 3.1600, 0);
INSERT CattleLot (auctionId, auctionDay, lotNumber, seller, agent, breed, sex, age, quantity, averageWeight, reserve, auctioneer, buyer, sellingPricePerKg, passedIn) VALUES (N'C1620', 1620, 75, 39, N'F_Ral     ', N'Angus               ', N'H', 3, 9,979.00, NULL, N'F_Ral     ', 79, 2.7200, 0);
INSERT CattleLot (auctionId, auctionDay, lotNumber, seller, agent, breed, sex, age, quantity, averageWeight, reserve, auctioneer, buyer, sellingPricePerKg, passedIn) VALUES (N'C1620', 1620, 76, 38, N'P_Jan     ', N'Hereford            ', N'B', 3, 4,671.00, NULL, N'P_Jan     ', 79, 3.0700, 0);
INSERT CattleLot (auctionId, auctionDay, lotNumber, seller, agent, breed, sex, age, quantity, averageWeight, reserve, auctioneer, buyer, sellingPricePerKg, passedIn) VALUES (N'C1620', 1620, 77, 41, N'P_Jan     ', N'Angus X             ', N'S', 2, 7,1034.00, NULL, N'P_Jan     ', 62, 3.1600, 0);
INSERT CattleLot (auctionId, auctionDay, lotNumber, seller, agent, breed, sex, age, quantity, averageWeight, reserve, auctioneer, buyer, sellingPricePerKg, passedIn) VALUES (N'C1620', 1620, 78, 58, N'P_Jan     ', N'Angus               ', N'S', 2, 17,841.00, NULL, N'P_Jan     ', 80, 2.6500, 0);
INSERT CattleLot (auctionId, auctionDay, lotNumber, seller, agent, breed, sex, age, quantity, averageWeight, reserve, auctioneer, buyer, sellingPricePerKg, passedIn) VALUES (N'C1620', 1620, 79, 58, N'P_Jan     ', N'Charolais           ', N'B', 2, 5,895.00, NULL, N'P_Jan     ', 78, 2.8300, 0);
INSERT CattleLot (auctionId, auctionDay, lotNumber, seller, agent, breed, sex, age, quantity, averageWeight, reserve, auctioneer, buyer, sellingPricePerKg, passedIn) VALUES (N'C1620', 1620, 80, 39, N'F_Ral     ', N'Angus               ', N'H', 2, 4,967.00, NULL, N'F_Ral     ', 65, 3.3400, 0);
INSERT CattleLot (auctionId, auctionDay, lotNumber, seller, agent, breed, sex, age, quantity, averageWeight, reserve, auctioneer, buyer, sellingPricePerKg, passedIn) VALUES (N'C1620', 1620, 81, 61, N'F_Mic     ', N'Charolais           ', N'S', 2, 3,977.00, NULL, N'F_Mik     ', 56, 3.3800, 0);
INSERT CattleLot (auctionId, auctionDay, lotNumber, seller, agent, breed, sex, age, quantity, averageWeight, reserve, auctioneer, buyer, sellingPricePerKg, passedIn) VALUES (N'C1620', 1620, 82, 43, N'F_Shr     ', N'Angus               ', N'B', 1, 8,773.00, NULL, N'F_Mik     ', 65, 2.7300, 0);
INSERT CattleLot (auctionId, auctionDay, lotNumber, seller, agent, breed, sex, age, quantity, averageWeight, reserve, auctioneer, buyer, sellingPricePerKg, passedIn) VALUES (N'C1620', 1620, 83, 43, N'F_Shr     ', N'Charolais           ', N'H', 3, 2,573.00, 1.9900, N'F_Mik     ', 66, 3.2900, 0);
INSERT CattleLot (auctionId, auctionDay, lotNumber, seller, agent, breed, sex, age, quantity, averageWeight, reserve, auctioneer, buyer, sellingPricePerKg, passedIn) VALUES (N'C1620', 1620, 84, 41, N'P_Jan     ', N'Angus X             ', N'S', 3, 7,826.00, NULL, N'P_Jan     ', 59, 2.8300, 0);
INSERT CattleLot (auctionId, auctionDay, lotNumber, seller, agent, breed, sex, age, quantity, averageWeight, reserve, auctioneer, buyer, sellingPricePerKg, passedIn) VALUES (N'C1620', 1620, 85, 86, N'F_Shr     ', N'Angus               ', N'B', 2, 4,529.00, NULL, N'F_Ral     ', 65, 2.6400, 0);
INSERT CattleLot (auctionId, auctionDay, lotNumber, seller, agent, breed, sex, age, quantity, averageWeight, reserve, auctioneer, buyer, sellingPricePerKg, passedIn) VALUES (N'C1620', 1620, 86, 101, N'F_Dav     ', N'Angus X             ', N'S', 4, 17,894.00, NULL, N'F_Mik     ', 39, 2.8300, 0);
INSERT CattleLot (auctionId, auctionDay, lotNumber, seller, agent, breed, sex, age, quantity, averageWeight, reserve, auctioneer, buyer, sellingPricePerKg, passedIn) VALUES (N'C1620', 1620, 87, 43, N'F_Shr     ', N'Angus X             ', N'S', 3, 4,739.00, NULL, N'F_Mik     ', 61, 3.3900, 0);
INSERT CattleLot (auctionId, auctionDay, lotNumber, seller, agent, breed, sex, age, quantity, averageWeight, reserve, auctioneer, buyer, sellingPricePerKg, passedIn) VALUES (N'C1620', 1620, 88, 34, N'F_Mic     ', N'Fresian X           ', N'H', 2, 2,789.00, NULL, N'F_Don     ', 77, 3.0600, 0);
INSERT CattleLot (auctionId, auctionDay, lotNumber, seller, agent, breed, sex, age, quantity, averageWeight, reserve, auctioneer, buyer, sellingPricePerKg, passedIn) VALUES (N'C1620', 1620, 89, 84, N'F_Shr     ', N'Angus               ', N'S', 2, 18,815.00, NULL, N'F_Ral     ', 60, 3.4100, 0);
INSERT CattleLot (auctionId, auctionDay, lotNumber, seller, agent, breed, sex, age, quantity, averageWeight, reserve, auctioneer, buyer, sellingPricePerKg, passedIn) VALUES (N'C1620', 1620, 90, 41, N'P_Jan     ', N'Fresian             ', N'H', 3, 13,912.00, NULL, N'P_Jan     ', 48, 3.0400, 0);
INSERT CattleLot (auctionId, auctionDay, lotNumber, seller, agent, breed, sex, age, quantity, averageWeight, reserve, auctioneer, buyer, sellingPricePerKg, passedIn) VALUES (N'C1620', 1620, 91, 58, N'P_Jan     ', N'Charolais           ', N'S', 3, 12,710.00, NULL, N'P_Jan     ', 56, 2.8400, 0);
INSERT CattleLot (auctionId, auctionDay, lotNumber, seller, agent, breed, sex, age, quantity, averageWeight, reserve, auctioneer, buyer, sellingPricePerKg, passedIn) VALUES (N'C1620', 1620, 92, 86, N'F_Shr     ', N'Angus               ', N'H', 2, 4,930.00, NULL, N'F_Ral     ', 66, 2.7700, 0);
INSERT CattleLot (auctionId, auctionDay, lotNumber, seller, agent, breed, sex, age, quantity, averageWeight, reserve, auctioneer, buyer, sellingPricePerKg, passedIn) VALUES (N'C1620', 1620, 93, 61, N'F_Mic     ', N'Fresian X           ', N'B', 2, 7,804.00, NULL, N'F_Mik     ', 61, 2.7700, 0);
INSERT CattleLot (auctionId, auctionDay, lotNumber, seller, agent, breed, sex, age, quantity, averageWeight, reserve, auctioneer, buyer, sellingPricePerKg, passedIn) VALUES (N'C1620', 1620, 94, 85, N'F_Leo     ', N'Hereford            ', N'S', 4, 6,669.00, NULL, N'F_Mik     ', 61, 3.4100, 0);
INSERT CattleLot (auctionId, auctionDay, lotNumber, seller, agent, breed, sex, age, quantity, averageWeight, reserve, auctioneer, buyer, sellingPricePerKg, passedIn) VALUES (N'C1620', 1620, 95, 69, N'D_Dav     ', N'Hereford            ', N'H', 2, 9,993.00, NULL, N'D_Dav     ', 73, 3.4500, 0);
INSERT CattleLot (auctionId, auctionDay, lotNumber, seller, agent, breed, sex, age, quantity, averageWeight, reserve, auctioneer, buyer, sellingPricePerKg, passedIn) VALUES (N'C1620', 1620, 96, 65, N'P_Bar     ', N'Fresian X           ', N'B', 3, 5,914.00, NULL, N'P_Jan     ', 60, 3.1600, 0);
INSERT CattleLot (auctionId, auctionDay, lotNumber, seller, agent, breed, sex, age, quantity, averageWeight, reserve, auctioneer, buyer, sellingPricePerKg, passedIn) VALUES (N'C1620', 1620, 97, 62, N'P_Lis     ', N'Fresian             ', N'B', 2, 5,956.00, NULL, N'P_Jan     ', 75, 2.8700, 0);
INSERT CattleLot (auctionId, auctionDay, lotNumber, seller, agent, breed, sex, age, quantity, averageWeight, reserve, auctioneer, buyer, sellingPricePerKg, passedIn) VALUES (N'C1620', 1620, 98, 86, N'F_Shr     ', N'Angus X             ', N'H', 3, 15,534.00, NULL, N'F_Ral     ', 78, 3.2500, 0);
INSERT CattleLot (auctionId, auctionDay, lotNumber, seller, agent, breed, sex, age, quantity, averageWeight, reserve, auctioneer, buyer, sellingPricePerKg, passedIn) VALUES (N'C1620', 1620, 99, 60, N'D_Dav     ', N'Angus               ', N'B', 1, 3,948.00, NULL, N'D_Dav     ', 62, 3.1700, 0);
INSERT CattleLot (auctionId, auctionDay, lotNumber, seller, agent, breed, sex, age, quantity, averageWeight, reserve, auctioneer, buyer, sellingPricePerKg, passedIn) VALUES (N'C1620', 1620, 101, 34, N'F_Mic     ', N'Fresian             ', N'S', 3, 15,582.00, NULL, N'F_Don     ', 62, 3.2100, 0);
INSERT CattleLot (auctionId, auctionDay, lotNumber, seller, agent, breed, sex, age, quantity, averageWeight, reserve, auctioneer, buyer, sellingPricePerKg, passedIn) VALUES (N'C1620', 1620, 102, 60, N'D_Dav     ', N'Charolais           ', N'B', 2, 3,548.00, 1.8300, N'D_Dav     ', 60, 3.4700, 0);
INSERT CattleLot (auctionId, auctionDay, lotNumber, seller, agent, breed, sex, age, quantity, averageWeight, reserve, auctioneer, buyer, sellingPricePerKg, passedIn) VALUES (N'C1620', 1620, 103, 57, N'P_Jan     ', N'Angus               ', N'S', 3, 4,771.00, NULL, N'P_Jan     ', 56, 3.3000, 0);
INSERT CattleLot (auctionId, auctionDay, lotNumber, seller, agent, breed, sex, age, quantity, averageWeight, reserve, auctioneer, buyer, sellingPricePerKg, passedIn) VALUES (N'C1620', 1620, 104, 40, N'F_Dav     ', N'Fresian             ', N'S', 2, 20,689.00, NULL, N'F_Don     ', 75, 2.6800, 0);
INSERT CattleLot (auctionId, auctionDay, lotNumber, seller, agent, breed, sex, age, quantity, averageWeight, reserve, auctioneer, buyer, sellingPricePerKg, passedIn) VALUES (N'C1620', 1620, 105, 40, N'F_Dav     ', N'Angus X             ', N'S', 2, 18,653.00, NULL, N'F_Don     ', 65, 2.6900, 0);
INSERT CattleLot (auctionId, auctionDay, lotNumber, seller, agent, breed, sex, age, quantity, averageWeight, reserve, auctioneer, buyer, sellingPricePerKg, passedIn) VALUES (N'C1620', 1620, 106, 59, N'D_Dav     ', N'Angus X             ', N'H', 2, 9,615.00, NULL, N'D_Dav     ', 39, 3.2900, 0);
INSERT CattleLot (auctionId, auctionDay, lotNumber, seller, agent, breed, sex, age, quantity, averageWeight, reserve, auctioneer, buyer, sellingPricePerKg, passedIn) VALUES (N'C1620', 1620, 107, 39, N'F_Ral     ', N'Hereford            ', N'S', 3, 20,952.00, NULL, N'F_Ral     ', 46, 2.8400, 0);
INSERT CattleLot (auctionId, auctionDay, lotNumber, seller, agent, breed, sex, age, quantity, averageWeight, reserve, auctioneer, buyer, sellingPricePerKg, passedIn) VALUES (N'C1620', 1620, 108, 100, N'F_Leo     ', N'Angus               ', N'S', 2, 8,790.00, NULL, N'F_Don     ', 65, 3.2800, 0);
INSERT CattleLot (auctionId, auctionDay, lotNumber, seller, agent, breed, sex, age, quantity, averageWeight, reserve, auctioneer, buyer, sellingPricePerKg, passedIn) VALUES (N'C1620', 1620, 110, 70, N'P_Bar     ', N'Angus               ', N'H', 1, 19,1021.00, NULL, N'P_Jan     ', 80, 2.6200, 0);
INSERT CattleLot (auctionId, auctionDay, lotNumber, seller, agent, breed, sex, age, quantity, averageWeight, reserve, auctioneer, buyer, sellingPricePerKg, passedIn) VALUES (N'C1620', 1620, 111, 42, N'F_Don     ', N'Fresian X           ', N'B', 2, 4,506.00, NULL, N'F_Don     ', 77, 3.2000, 0);
INSERT CattleLot (auctionId, auctionDay, lotNumber, seller, agent, breed, sex, age, quantity, averageWeight, reserve, auctioneer, buyer, sellingPricePerKg, passedIn) VALUES (N'C1620', 1620, 112, 101, N'F_Dav     ', N'Angus               ', N'B', 2, 15,618.00, NULL, N'F_Mik     ', 59, 3.3400, 0);
INSERT CattleLot (auctionId, auctionDay, lotNumber, seller, agent, breed, sex, age, quantity, averageWeight, reserve, auctioneer, buyer, sellingPricePerKg, passedIn) VALUES (N'C1620', 1620, 113, 87, N'P_Bar     ', N'Angus               ', N'S', 3, 8,571.00, 3.4200, N'P_Jan     ', 54, 3.4700, 0);
INSERT CattleLot (auctionId, auctionDay, lotNumber, seller, agent, breed, sex, age, quantity, averageWeight, reserve, auctioneer, buyer, sellingPricePerKg, passedIn) VALUES (N'C1620', 1620, 114, 57, N'P_Jan     ', N'Charolais           ', N'B', 2, 1,983.00, NULL, N'P_Jan     ', 77, 2.7800, 0);
INSERT CattleLot (auctionId, auctionDay, lotNumber, seller, agent, breed, sex, age, quantity, averageWeight, reserve, auctioneer, buyer, sellingPricePerKg, passedIn) VALUES (N'C1620', 1620, 115, 101, N'F_Dav     ', N'Angus               ', N'H', 2, 9,1024.00, NULL, N'F_Mik     ', 61, 2.6700, 0);
INSERT CattleLot (auctionId, auctionDay, lotNumber, seller, agent, breed, sex, age, quantity, averageWeight, reserve, auctioneer, buyer, sellingPricePerKg, passedIn) VALUES (N'C1620', 1620, 116, 58, N'P_Jan     ', N'Charolais           ', N'B', 2, 4,950.00, NULL, N'P_Jan     ', 74, 2.6300, 0);
INSERT CattleLot (auctionId, auctionDay, lotNumber, seller, agent, breed, sex, age, quantity, averageWeight, reserve, auctioneer, buyer, sellingPricePerKg, passedIn) VALUES (N'C1620', 1620, 117, 70, N'P_Bar     ', N'Angus               ', N'B', 3, 9,733.00, NULL, N'P_Jan     ', 63, 2.7000, 0);
INSERT CattleLot (auctionId, auctionDay, lotNumber, seller, agent, breed, sex, age, quantity, averageWeight, reserve, auctioneer, buyer, sellingPricePerKg, passedIn) VALUES (N'C1620', 1620, 118, 74, N'F_Don     ', N'Angus X             ', N'S', 2, 6,861.00, NULL, N'F_Don     ', 61, 3.3800, 0);
INSERT CattleLot (auctionId, auctionDay, lotNumber, seller, agent, breed, sex, age, quantity, averageWeight, reserve, auctioneer, buyer, sellingPricePerKg, passedIn) VALUES (N'C1620', 1620, 119, 39, N'F_Ral     ', N'Angus               ', N'S', 3, 7,516.00, NULL, N'F_Ral     ', 74, 2.6100, 0);
INSERT CattleLot (auctionId, auctionDay, lotNumber, seller, agent, breed, sex, age, quantity, averageWeight, reserve, auctioneer, buyer, sellingPricePerKg, passedIn) VALUES (N'C1620', 1620, 121, 88, N'F_Mik     ', N'Angus               ', N'H', 2, 19,528.00, NULL, N'F_Mik     ', 61, 2.7500, 0);
INSERT CattleLot (auctionId, auctionDay, lotNumber, seller, agent, breed, sex, age, quantity, averageWeight, reserve, auctioneer, buyer, sellingPricePerKg, passedIn) VALUES (N'C1620', 1620, 122, 57, N'P_Jan     ', N'Angus               ', N'S', 1, 16,680.00, NULL, N'P_Jan     ', 79, 3.0600, 0);
INSERT CattleLot (auctionId, auctionDay, lotNumber, seller, agent, breed, sex, age, quantity, averageWeight, reserve, auctioneer, buyer, sellingPricePerKg, passedIn) VALUES (N'C1620', 1620, 123, 69, N'D_Dav     ', N'Angus X             ', N'H', 2, 7,615.00, NULL, N'D_Dav     ', 79, 2.6200, 0);
INSERT CattleLot (auctionId, auctionDay, lotNumber, seller, agent, breed, sex, age, quantity, averageWeight, reserve, auctioneer, buyer, sellingPricePerKg, passedIn) VALUES (N'C1620', 1620, 124, 38, N'P_Jan     ', N'Fresian X           ', N'B', 1, 8,556.00, 2.3100, N'P_Jan     ', 66, 3.4500, 0);
INSERT CattleLot (auctionId, auctionDay, lotNumber, seller, agent, breed, sex, age, quantity, averageWeight, reserve, auctioneer, buyer, sellingPricePerKg, passedIn) VALUES (N'C1620', 1620, 125, 38, N'P_Jan     ', N'Angus               ', N'B', 3, 3,634.00, NULL, N'P_Jan     ', 48, 3.4800, 0);
INSERT CattleLot (auctionId, auctionDay, lotNumber, seller, agent, breed, sex, age, quantity, averageWeight, reserve, auctioneer, buyer, sellingPricePerKg, passedIn) VALUES (N'C1620', 1620, 126, 57, N'P_Jan     ', N'Angus X             ', N'B', 2, 5,992.00, NULL, N'P_Jan     ', 46, 3.2600, 0);
INSERT CattleLot (auctionId, auctionDay, lotNumber, seller, agent, breed, sex, age, quantity, averageWeight, reserve, auctioneer, buyer, sellingPricePerKg, passedIn) VALUES (N'C1620', 1620, 127, 84, N'F_Shr     ', N'Angus X             ', N'S', 2, 8,944.00, NULL, N'F_Ral     ', 46, 3.1800, 0);
INSERT CattleLot (auctionId, auctionDay, lotNumber, seller, agent, breed, sex, age, quantity, averageWeight, reserve, auctioneer, buyer, sellingPricePerKg, passedIn) VALUES (N'C1620', 1620, 128, 41, N'P_Jan     ', N'Angus X             ', N'S', 2, 4,749.00, NULL, N'P_Jan     ', 77, 3.0600, 0);
INSERT CattleLot (auctionId, auctionDay, lotNumber, seller, agent, breed, sex, age, quantity, averageWeight, reserve, auctioneer, buyer, sellingPricePerKg, passedIn) VALUES (N'C1620', 1620, 129, 61, N'F_Mic     ', N'Angus X             ', N'B', 2, 11,764.00, NULL, N'F_Mik     ', 79, 2.6300, 0);
INSERT CattleLot (auctionId, auctionDay, lotNumber, seller, agent, breed, sex, age, quantity, averageWeight, reserve, auctioneer, buyer, sellingPricePerKg, passedIn) VALUES (N'C1620', 1620, 130, 87, N'P_Bar     ', N'Angus X             ', N'B', 4, 3,577.00, NULL, N'P_Jan     ', 66, 2.7100, 0);
INSERT CattleLot (auctionId, auctionDay, lotNumber, seller, agent, breed, sex, age, quantity, averageWeight, reserve, auctioneer, buyer, sellingPricePerKg, passedIn) VALUES (N'C1620', 1620, 131, 59, N'D_Dav     ', N'Angus               ', N'S', 2, 9,729.00, NULL, N'D_Dav     ', 59, 2.7800, 0);
INSERT CattleLot (auctionId, auctionDay, lotNumber, seller, agent, breed, sex, age, quantity, averageWeight, reserve, auctioneer, buyer, sellingPricePerKg, passedIn) VALUES (N'C1620', 1620, 132, 40, N'F_Dav     ', N'Angus               ', N'S', 2, 20,786.00, NULL, N'F_Don     ', 61, 2.8700, 0);
INSERT CattleLot (auctionId, auctionDay, lotNumber, seller, agent, breed, sex, age, quantity, averageWeight, reserve, auctioneer, buyer, sellingPricePerKg, passedIn) VALUES (N'C1620', 1620, 133, 88, N'F_Mik     ', N'Fresian X           ', N'H', 2, 2,1074.00, NULL, N'F_Mik     ', 48, 2.6200, 0);
INSERT CattleLot (auctionId, auctionDay, lotNumber, seller, agent, breed, sex, age, quantity, averageWeight, reserve, auctioneer, buyer, sellingPricePerKg, passedIn) VALUES (N'C1620', 1620, 134, 43, N'F_Shr     ', N'Charolais           ', N'S', 2, 10,583.00, NULL, N'F_Mik     ', 54, 3.3900, 0);
INSERT CattleLot (auctionId, auctionDay, lotNumber, seller, agent, breed, sex, age, quantity, averageWeight, reserve, auctioneer, buyer, sellingPricePerKg, passedIn) VALUES (N'C1620', 1620, 135, 69, N'D_Dav     ', N'Hereford            ', N'S', 3, 10,915.00, NULL, N'D_Dav     ', 78, 2.9100, 0);
INSERT CattleLot (auctionId, auctionDay, lotNumber, seller, agent, breed, sex, age, quantity, averageWeight, reserve, auctioneer, buyer, sellingPricePerKg, passedIn) VALUES (N'C1620', 1620, 136, 88, N'F_Mik     ', N'Hereford            ', N'S', 2, 2,908.00, NULL, N'F_Mik     ', 64, 3.3900, 0);
INSERT CattleLot (auctionId, auctionDay, lotNumber, seller, agent, breed, sex, age, quantity, averageWeight, reserve, auctioneer, buyer, sellingPricePerKg, passedIn) VALUES (N'C1620', 1620, 137, 84, N'F_Shr     ', N'Fresian X           ', N'S', 3, 11,755.00, NULL, N'F_Ral     ', 61, 2.7300, 0);
INSERT CattleLot (auctionId, auctionDay, lotNumber, seller, agent, breed, sex, age, quantity, averageWeight, reserve, auctioneer, buyer, sellingPricePerKg, passedIn) VALUES (N'C1620', 1620, 138, 39, N'F_Ral     ', N'Hereford            ', N'S', 3, 2,587.00, NULL, N'F_Ral     ', 80, 3.4600, 0);
INSERT CattleLot (auctionId, auctionDay, lotNumber, seller, agent, breed, sex, age, quantity, averageWeight, reserve, auctioneer, buyer, sellingPricePerKg, passedIn) VALUES (N'C1620', 1620, 139, 65, N'P_Bar     ', N'Charolais           ', N'S', 2, 9,891.00, NULL, N'P_Jan     ', 78, 3.2000, 0);
INSERT CattleLot (auctionId, auctionDay, lotNumber, seller, agent, breed, sex, age, quantity, averageWeight, reserve, auctioneer, buyer, sellingPricePerKg, passedIn) VALUES (N'C1620', 1620, 140, 70, N'P_Bar     ', N'Angus               ', N'B', 2, 7,726.00, NULL, N'P_Jan     ', 39, 3.0300, 0);
INSERT CattleLot (auctionId, auctionDay, lotNumber, seller, agent, breed, sex, age, quantity, averageWeight, reserve, auctioneer, buyer, sellingPricePerKg, passedIn) VALUES (N'C1620', 1620, 141, 38, N'P_Jan     ', N'Angus X             ', N'B', 3, 20,730.00, NULL, N'P_Jan     ', 62, 3.0300, 0);
INSERT CattleLot (auctionId, auctionDay, lotNumber, seller, agent, breed, sex, age, quantity, averageWeight, reserve, auctioneer, buyer, sellingPricePerKg, passedIn) VALUES (N'C1620', 1620, 142, 87, N'P_Bar     ', N'Angus               ', N'B', 2, 15,536.00, NULL, N'P_Jan     ', 73, 3.4800, 0);
INSERT CattleLot (auctionId, auctionDay, lotNumber, seller, agent, breed, sex, age, quantity, averageWeight, reserve, auctioneer, buyer, sellingPricePerKg, passedIn) VALUES (N'C1620', 1620, 143, 41, N'P_Jan     ', N'Angus               ', N'S', 2, 1,662.00, NULL, N'P_Jan     ', 56, 2.8500, 0);
INSERT CattleLot (auctionId, auctionDay, lotNumber, seller, agent, breed, sex, age, quantity, averageWeight, reserve, auctioneer, buyer, sellingPricePerKg, passedIn) VALUES (N'C1620', 1620, 144, 43, N'F_Shr     ', N'Angus               ', N'S', 4, 5,764.00, NULL, N'F_Ral     ', 66, 3.5000, 0);
INSERT CattleLot (auctionId, auctionDay, lotNumber, seller, agent, breed, sex, age, quantity, averageWeight, reserve, auctioneer, buyer, sellingPricePerKg, passedIn) VALUES (N'C1620', 1620, 145, 86, N'F_Shr     ', N'Angus X             ', N'B', 2, 5,949.00, NULL, N'F_Ral     ', 77, 3.4800, 0);
INSERT CattleLot (auctionId, auctionDay, lotNumber, seller, agent, breed, sex, age, quantity, averageWeight, reserve, auctioneer, buyer, sellingPricePerKg, passedIn) VALUES (N'C1620', 1620, 146, 65, N'P_Bar     ', N'Fresian X           ', N'H', 3, 1,731.00, NULL, N'P_Jan     ', 48, 3.1500, 0);
INSERT CattleLot (auctionId, auctionDay, lotNumber, seller, agent, breed, sex, age, quantity, averageWeight, reserve, auctioneer, buyer, sellingPricePerKg, passedIn) VALUES (N'C1620', 1620, 147, 43, N'F_Shr     ', N'Angus X             ', N'S', 2, 20,970.00, NULL, N'F_Mik     ', 59, 3.4300, 0);
INSERT CattleLot (auctionId, auctionDay, lotNumber, seller, agent, breed, sex, age, quantity, averageWeight, reserve, auctioneer, buyer, sellingPricePerKg, passedIn) VALUES (N'C1620', 1620, 148, 85, N'F_Leo     ', N'Angus X             ', N'B', 3, 11,569.00, 3.0000, N'F_Mik     ', 78, 3.0900, 0);
INSERT CattleLot (auctionId, auctionDay, lotNumber, seller, agent, breed, sex, age, quantity, averageWeight, reserve, auctioneer, buyer, sellingPricePerKg, passedIn) VALUES (N'C1620', 1620, 149, 42, N'F_Don     ', N'Hereford            ', N'B', 3, 2,829.00, NULL, N'F_Don     ', 66, 3.4400, 0);
INSERT CattleLot (auctionId, auctionDay, lotNumber, seller, agent, breed, sex, age, quantity, averageWeight, reserve, auctioneer, buyer, sellingPricePerKg, passedIn) VALUES (N'C1620', 1620, 150, 40, N'F_Dav     ', N'Angus               ', N'S', 1, 6,1092.00, NULL, N'F_Don     ', 74, 3.1700, 0);
INSERT CattleLot (auctionId, auctionDay, lotNumber, seller, agent, breed, sex, age, quantity, averageWeight, reserve, auctioneer, buyer, sellingPricePerKg, passedIn) VALUES (N'C1620', 1620, 151, 38, N'P_Jan     ', N'Angus X             ', N'B', 2, 15,814.00, NULL, N'P_Jan     ', 63, 2.7300, 0);
INSERT CattleLot (auctionId, auctionDay, lotNumber, seller, agent, breed, sex, age, quantity, averageWeight, reserve, auctioneer, buyer, sellingPricePerKg, passedIn) VALUES (N'C1620', 1620, 152, 43, N'F_Shr     ', N'Angus               ', N'B', 2, 18,786.00, NULL, N'F_Mik     ', 61, 3.4300, 0);
INSERT CattleLot (auctionId, auctionDay, lotNumber, seller, agent, breed, sex, age, quantity, averageWeight, reserve, auctioneer, buyer, sellingPricePerKg, passedIn) VALUES (N'C1620', 1620, 153, 101, N'F_Dav     ', N'Angus               ', N'S', 3, 4,996.00, NULL, N'F_Mik     ', 46, 3.4900, 0);
INSERT CattleLot (auctionId, auctionDay, lotNumber, seller, agent, breed, sex, age, quantity, averageWeight, reserve, auctioneer, buyer, sellingPricePerKg, passedIn) VALUES (N'C1620', 1620, 154, 39, N'F_Ral     ', N'Angus               ', N'B', 2, 7,680.00, NULL, N'F_Ral     ', 74, 2.7300, 0);
INSERT CattleLot (auctionId, auctionDay, lotNumber, seller, agent, breed, sex, age, quantity, averageWeight, reserve, auctioneer, buyer, sellingPricePerKg, passedIn) VALUES (N'C1620', 1620, 155, 77, N'F_Don     ', N'Angus               ', N'S', 2, 19,759.00, NULL, N'F_Don     ', 73, 3.2100, 0);
INSERT CattleLot (auctionId, auctionDay, lotNumber, seller, agent, breed, sex, age, quantity, averageWeight, reserve, auctioneer, buyer, sellingPricePerKg, passedIn) VALUES (N'C1620', 1620, 156, 58, N'P_Jan     ', N'Angus               ', N'B', 2, 3,652.00, NULL, N'P_Jan     ', 65, 2.9900, 0);
INSERT CattleLot (auctionId, auctionDay, lotNumber, seller, agent, breed, sex, age, quantity, averageWeight, reserve, auctioneer, buyer, sellingPricePerKg, passedIn) VALUES (N'C1620', 1620, 157, 40, N'F_Dav     ', N'Angus               ', N'H', 2, 15,888.00, NULL, N'F_Don     ', 63, 2.8800, 0);
INSERT CattleLot (auctionId, auctionDay, lotNumber, seller, agent, breed, sex, age, quantity, averageWeight, reserve, auctioneer, buyer, sellingPricePerKg, passedIn) VALUES (N'C1620', 1620, 158, 58, N'P_Jan     ', N'Angus               ', N'B', 2, 3,825.00, NULL, N'P_Jan     ', 61, 2.7000, 0);
INSERT CattleLot (auctionId, auctionDay, lotNumber, seller, agent, breed, sex, age, quantity, averageWeight, reserve, auctioneer, buyer, sellingPricePerKg, passedIn) VALUES (N'C1620', 1620, 159, 78, N'D_Dav     ', N'Charolais           ', N'S', 2, 3,833.00, NULL, N'D_Dav     ', 65, 2.7100, 0);
INSERT CattleLot (auctionId, auctionDay, lotNumber, seller, agent, breed, sex, age, quantity, averageWeight, reserve, auctioneer, buyer, sellingPricePerKg, passedIn) VALUES (N'C1620', 1620, 160, 61, N'F_Mic     ', N'Angus X             ', N'H', 2, 2,516.00, NULL, N'F_Mik     ', 80, 3.0400, 0);
INSERT CattleLot (auctionId, auctionDay, lotNumber, seller, agent, breed, sex, age, quantity, averageWeight, reserve, auctioneer, buyer, sellingPricePerKg, passedIn) VALUES (N'C1620', 1620, 161, 59, N'D_Dav     ', N'Angus               ', N'S', 3, 5,930.00, NULL, N'D_Dav     ', 78, 2.8900, 0);
INSERT CattleLot (auctionId, auctionDay, lotNumber, seller, agent, breed, sex, age, quantity, averageWeight, reserve, auctioneer, buyer, sellingPricePerKg, passedIn) VALUES (N'C1620', 1620, 162, 101, N'F_Dav     ', N'Fresian             ', N'H', 3, 12,981.00, NULL, N'F_Mik     ', 62, 3.2500, 0);
INSERT CattleLot (auctionId, auctionDay, lotNumber, seller, agent, breed, sex, age, quantity, averageWeight, reserve, auctioneer, buyer, sellingPricePerKg, passedIn) VALUES (N'C1620', 1620, 163, 32, N'P_Lis     ', N'Charolais           ', N'H', 2, 20,558.00, 3.3000, N'P_Jan     ', 73, 3.3000, 0);
INSERT CattleLot (auctionId, auctionDay, lotNumber, seller, agent, breed, sex, age, quantity, averageWeight, reserve, auctioneer, buyer, sellingPricePerKg, passedIn) VALUES (N'C1620', 1620, 164, 86, N'F_Shr     ', N'Charolais           ', N'H', 1, 14,585.00, NULL, N'F_Ral     ', 79, 2.7000, 0);
INSERT CattleLot (auctionId, auctionDay, lotNumber, seller, agent, breed, sex, age, quantity, averageWeight, reserve, auctioneer, buyer, sellingPricePerKg, passedIn) VALUES (N'C1620', 1620, 165, 41, N'P_Jan     ', N'Angus               ', N'B', 3, 15,726.00, NULL, N'P_Jan     ', 63, 3.5000, 0);
INSERT CattleLot (auctionId, auctionDay, lotNumber, seller, agent, breed, sex, age, quantity, averageWeight, reserve, auctioneer, buyer, sellingPricePerKg, passedIn) VALUES (N'C1620', 1620, 166, 74, N'F_Don     ', N'Hereford            ', N'H', 2, 12,617.00, NULL, N'F_Don     ', 64, 2.8900, 0);
INSERT CattleLot (auctionId, auctionDay, lotNumber, seller, agent, breed, sex, age, quantity, averageWeight, reserve, auctioneer, buyer, sellingPricePerKg, passedIn) VALUES (N'C1620', 1620, 167, 49, N'F_Mik     ', N'Angus X             ', N'H', 3, 4,1068.00, NULL, N'F_Mik     ', 46, 2.7200, 0);
INSERT CattleLot (auctionId, auctionDay, lotNumber, seller, agent, breed, sex, age, quantity, averageWeight, reserve, auctioneer, buyer, sellingPricePerKg, passedIn) VALUES (N'C1620', 1620, 168, 60, N'D_Dav     ', N'Angus               ', N'B', 4, 13,909.00, NULL, N'D_Dav     ', 75, 3.0000, 0);
INSERT CattleLot (auctionId, auctionDay, lotNumber, seller, agent, breed, sex, age, quantity, averageWeight, reserve, auctioneer, buyer, sellingPricePerKg, passedIn) VALUES (N'C1620', 1620, 169, 85, N'F_Leo     ', N'Angus               ', N'S', 2, 16,860.00, NULL, N'F_Mik     ', 61, 2.8700, 0);
INSERT CattleLot (auctionId, auctionDay, lotNumber, seller, agent, breed, sex, age, quantity, averageWeight, reserve, auctioneer, buyer, sellingPricePerKg, passedIn) VALUES (N'C1620', 1620, 170, 34, N'F_Mic     ', N'Charolais           ', N'S', 2, 5,816.00, NULL, N'F_Don     ', 39, 2.8800, 0);
INSERT CattleLot (auctionId, auctionDay, lotNumber, seller, agent, breed, sex, age, quantity, averageWeight, reserve, auctioneer, buyer, sellingPricePerKg, passedIn) VALUES (N'C1620', 1620, 171, 78, N'D_Dav     ', N'Angus X             ', N'H', 3, 7,985.00, NULL, N'D_Dav     ', 74, 2.9400, 0);
INSERT CattleLot (auctionId, auctionDay, lotNumber, seller, agent, breed, sex, age, quantity, averageWeight, reserve, auctioneer, buyer, sellingPricePerKg, passedIn) VALUES (N'C1620', 1620, 172, 74, N'F_Don     ', N'Fresian             ', N'B', 3, 2,959.00, NULL, N'F_Don     ', 48, 3.1300, 0);
INSERT CattleLot (auctionId, auctionDay, lotNumber, seller, agent, breed, sex, age, quantity, averageWeight, reserve, auctioneer, buyer, sellingPricePerKg, passedIn) VALUES (N'C1620', 1620, 173, 43, N'F_Shr     ', N'Angus               ', N'S', 2, 3,732.00, NULL, N'F_Mik     ', 46, 3.1700, 0);
INSERT CattleLot (auctionId, auctionDay, lotNumber, seller, agent, breed, sex, age, quantity, averageWeight, reserve, auctioneer, buyer, sellingPricePerKg, passedIn) VALUES (N'C1620', 1620, 174, 43, N'F_Shr     ', N'Angus               ', N'S', 3, 12,729.00, NULL, N'F_Mik     ', 62, 2.7000, 0);
INSERT CattleLot (auctionId, auctionDay, lotNumber, seller, agent, breed, sex, age, quantity, averageWeight, reserve, auctioneer, buyer, sellingPricePerKg, passedIn) VALUES (N'C1620', 1620, 175, 100, N'F_Leo     ', N'Angus               ', N'H', 3, 4,673.00, NULL, N'F_Don     ', 78, 2.8200, 0);
INSERT CattleLot (auctionId, auctionDay, lotNumber, seller, agent, breed, sex, age, quantity, averageWeight, reserve, auctioneer, buyer, sellingPricePerKg, passedIn) VALUES (N'C1620', 1620, 176, 38, N'P_Jan     ', N'Angus               ', N'S', 4, 2,997.00, NULL, N'P_Jan     ', 62, 2.6600, 0);
INSERT CattleLot (auctionId, auctionDay, lotNumber, seller, agent, breed, sex, age, quantity, averageWeight, reserve, auctioneer, buyer, sellingPricePerKg, passedIn) VALUES (N'C1620', 1620, 177, 76, N'D_Big     ', N'Fresian X           ', N'S', 2, 5,876.00, NULL, N'D_Big     ', 63, 3.2800, 0);
INSERT CattleLot (auctionId, auctionDay, lotNumber, seller, agent, breed, sex, age, quantity, averageWeight, reserve, auctioneer, buyer, sellingPricePerKg, passedIn) VALUES (N'C1620', 1620, 178, 88, N'F_Mik     ', N'Angus               ', N'H', 1, 19,1084.00, NULL, N'F_Mik     ', 63, 3.3400, 0);
INSERT CattleLot (auctionId, auctionDay, lotNumber, seller, agent, breed, sex, age, quantity, averageWeight, reserve, auctioneer, buyer, sellingPricePerKg, passedIn) VALUES (N'C1620', 1620, 179, 58, N'P_Jan     ', N'Hereford            ', N'S', 1, 1,929.00, NULL, N'P_Jan     ', 64, 3.0100, 0);
INSERT CattleLot (auctionId, auctionDay, lotNumber, seller, agent, breed, sex, age, quantity, averageWeight, reserve, auctioneer, buyer, sellingPricePerKg, passedIn) VALUES (N'C1620', 1620, 180, 86, N'F_Shr     ', N'Angus X             ', N'H', 1, 5,985.00, NULL, N'F_Ral     ', 78, 2.7600, 0);
INSERT CattleLot (auctionId, auctionDay, lotNumber, seller, agent, breed, sex, age, quantity, averageWeight, reserve, auctioneer, buyer, sellingPricePerKg, passedIn) VALUES (N'C1620', 1620, 181, 85, N'F_Leo     ', N'Charolais           ', N'B', 3, 18,503.00, NULL, N'F_Mik     ', 62, 3.4200, 0);
INSERT CattleLot (auctionId, auctionDay, lotNumber, seller, agent, breed, sex, age, quantity, averageWeight, reserve, auctioneer, buyer, sellingPricePerKg, passedIn) VALUES (N'C1620', 1620, 182, 61, N'F_Mic     ', N'Hereford            ', N'B', 3, 14,1009.00, NULL, N'F_Mik     ', 66, 3.0700, 0);
INSERT CattleLot (auctionId, auctionDay, lotNumber, seller, agent, breed, sex, age, quantity, averageWeight, reserve, auctioneer, buyer, sellingPricePerKg, passedIn) VALUES (N'C1620', 1620, 183, 69, N'D_Dav     ', N'Angus               ', N'H', 2, 4,617.00, NULL, N'D_Dav     ', 63, 3.1100, 0);
INSERT CattleLot (auctionId, auctionDay, lotNumber, seller, agent, breed, sex, age, quantity, averageWeight, reserve, auctioneer, buyer, sellingPricePerKg, passedIn) VALUES (N'C1620', 1620, 184, 37, N'F_Mic     ', N'Hereford            ', N'B', 2, 10,882.00, NULL, N'F_Mik     ', 61, 3.0000, 0);
INSERT CattleLot (auctionId, auctionDay, lotNumber, seller, agent, breed, sex, age, quantity, averageWeight, reserve, auctioneer, buyer, sellingPricePerKg, passedIn) VALUES (N'C1620', 1620, 185, 43, N'F_Shr     ', N'Angus               ', N'B', 2, 2,1096.00, NULL, N'F_Mik     ', 79, 2.8200, 0);
INSERT CattleLot (auctionId, auctionDay, lotNumber, seller, agent, breed, sex, age, quantity, averageWeight, reserve, auctioneer, buyer, sellingPricePerKg, passedIn) VALUES (N'C1620', 1620, 186, 58, N'P_Jan     ', N'Angus               ', N'H', 2, 9,877.00, NULL, N'P_Jan     ', 66, 2.9700, 0);
INSERT CattleLot (auctionId, auctionDay, lotNumber, seller, agent, breed, sex, age, quantity, averageWeight, reserve, auctioneer, buyer, sellingPricePerKg, passedIn) VALUES (N'C1620', 1620, 187, 49, N'F_Mik     ', N'Charolais           ', N'H', 1, 4,529.00, NULL, N'F_Mik     ', 65, 3.1300, 0);
INSERT CattleLot (auctionId, auctionDay, lotNumber, seller, agent, breed, sex, age, quantity, averageWeight, reserve, auctioneer, buyer, sellingPricePerKg, passedIn) VALUES (N'C1620', 1620, 188, 69, N'D_Dav     ', N'Angus               ', N'S', 2, 13,693.00, NULL, N'D_Dav     ', 54, 2.6600, 0);
INSERT CattleLot (auctionId, auctionDay, lotNumber, seller, agent, breed, sex, age, quantity, averageWeight, reserve, auctioneer, buyer, sellingPricePerKg, passedIn) VALUES (N'C1620', 1620, 189, 77, N'F_Don     ', N'Hereford            ', N'S', 1, 3,945.00, NULL, N'F_Don     ', 59, 2.6200, 0);
INSERT CattleLot (auctionId, auctionDay, lotNumber, seller, agent, breed, sex, age, quantity, averageWeight, reserve, auctioneer, buyer, sellingPricePerKg, passedIn) VALUES (N'C1620', 1620, 190, 78, N'D_Dav     ', N'Fresian X           ', N'B', 2, 7,1019.00, NULL, N'D_Dav     ', 74, 3.2400, 0);
INSERT CattleLot (auctionId, auctionDay, lotNumber, seller, agent, breed, sex, age, quantity, averageWeight, reserve, auctioneer, buyer, sellingPricePerKg, passedIn) VALUES (N'C1620', 1620, 191, 58, N'P_Jan     ', N'Angus X             ', N'B', 3, 12,1049.00, NULL, N'P_Jan     ', 73, 2.6100, 0);
INSERT CattleLot (auctionId, auctionDay, lotNumber, seller, agent, breed, sex, age, quantity, averageWeight, reserve, auctioneer, buyer, sellingPricePerKg, passedIn) VALUES (N'C1620', 1620, 192, 76, N'D_Big     ', N'Fresian             ', N'H', 2, 10,1063.00, NULL, N'D_Big     ', 77, 3.0100, 0);
INSERT CattleLot (auctionId, auctionDay, lotNumber, seller, agent, breed, sex, age, quantity, averageWeight, reserve, auctioneer, buyer, sellingPricePerKg, passedIn) VALUES (N'C1620', 1620, 193, 76, N'D_Big     ', N'Angus X             ', N'B', 2, 12,598.00, NULL, N'D_Big     ', 79, 3.2000, 0);
INSERT CattleLot (auctionId, auctionDay, lotNumber, seller, agent, breed, sex, age, quantity, averageWeight, reserve, auctioneer, buyer, sellingPricePerKg, passedIn) VALUES (N'C1620', 1620, 194, 74, N'F_Don     ', N'Fresian X           ', N'S', 3, 2,1004.00, NULL, N'F_Don     ', 63, 3.2500, 0);
INSERT CattleLot (auctionId, auctionDay, lotNumber, seller, agent, breed, sex, age, quantity, averageWeight, reserve, auctioneer, buyer, sellingPricePerKg, passedIn) VALUES (N'C1620', 1620, 195, 62, N'P_Lis     ', N'Angus               ', N'B', 2, 12,611.00, NULL, N'P_Jan     ', 56, 2.6600, 0);
INSERT CattleLot (auctionId, auctionDay, lotNumber, seller, agent, breed, sex, age, quantity, averageWeight, reserve, auctioneer, buyer, sellingPricePerKg, passedIn) VALUES (N'C1620', 1620, 196, 65, N'P_Bar     ', N'Angus               ', N'S', 3, 2,949.00, NULL, N'P_Jan     ', 75, 2.6300, 0);
INSERT CattleLot (auctionId, auctionDay, lotNumber, seller, agent, breed, sex, age, quantity, averageWeight, reserve, auctioneer, buyer, sellingPricePerKg, passedIn) VALUES (N'C1620', 1620, 197, 100, N'F_Leo     ', N'Fresian             ', N'S', 4, 6,677.00, NULL, N'F_Don     ', 66, 3.3800, 0);
INSERT CattleLot (auctionId, auctionDay, lotNumber, seller, agent, breed, sex, age, quantity, averageWeight, reserve, auctioneer, buyer, sellingPricePerKg, passedIn) VALUES (N'C1620', 1620, 198, 62, N'P_Lis     ', N'Fresian             ', N'S', 2, 10,866.00, NULL, N'P_Jan     ', 60, 2.8200, 0);
INSERT CattleLot (auctionId, auctionDay, lotNumber, seller, agent, breed, sex, age, quantity, averageWeight, reserve, auctioneer, buyer, sellingPricePerKg, passedIn) VALUES (N'C1620', 1620, 199, 41, N'P_Jan     ', N'Angus               ', N'S', 3, 8,659.00, NULL, N'P_Jan     ', 61, 2.8800, 0);
INSERT CattleLot (auctionId, auctionDay, lotNumber, seller, agent, breed, sex, age, quantity, averageWeight, reserve, auctioneer, buyer, sellingPricePerKg, passedIn) VALUES (N'C1620', 1620, 200, 69, N'D_Dav     ', N'Fresian             ', N'H', 2, 9,911.00, NULL, N'D_Dav     ', 48, 3.1900, 0);
INSERT CattleLot (auctionId, auctionDay, lotNumber, seller, agent, breed, sex, age, quantity, averageWeight, reserve, auctioneer, buyer, sellingPricePerKg, passedIn) VALUES (N'C1620', 1620, 201, 62, N'P_Lis     ', N'Fresian             ', N'H', 2, 8,1018.00, NULL, N'P_Jan     ', 56, 3.3800, 0);
INSERT CattleLot (auctionId, auctionDay, lotNumber, seller, agent, breed, sex, age, quantity, averageWeight, reserve, auctioneer, buyer, sellingPricePerKg, passedIn) VALUES (N'C1620', 1620, 202, 61, N'F_Mic     ', N'Angus               ', N'S', 3, 13,576.00, NULL, N'F_Mik     ', 63, 3.5000, 0);
INSERT CattleLot (auctionId, auctionDay, lotNumber, seller, agent, breed, sex, age, quantity, averageWeight, reserve, auctioneer, buyer, sellingPricePerKg, passedIn) VALUES (N'C1620', 1620, 203, 60, N'D_Dav     ', N'Angus X             ', N'S', 2, 9,1007.00, NULL, N'D_Dav     ', 77, 3.1400, 0);
INSERT CattleLot (auctionId, auctionDay, lotNumber, seller, agent, breed, sex, age, quantity, averageWeight, reserve, auctioneer, buyer, sellingPricePerKg, passedIn) VALUES (N'C1620', 1620, 204, 88, N'F_Mik     ', N'Hereford            ', N'H', 2, 6,854.00, NULL, N'F_Mik     ', 65, 2.7500, 0);
INSERT CattleLot (auctionId, auctionDay, lotNumber, seller, agent, breed, sex, age, quantity, averageWeight, reserve, auctioneer, buyer, sellingPricePerKg, passedIn) VALUES (N'C1620', 1620, 205, 41, N'P_Jan     ', N'Hereford            ', N'B', 2, 5,559.00, NULL, N'P_Jan     ', 61, 2.9500, 0);
INSERT CattleLot (auctionId, auctionDay, lotNumber, seller, agent, breed, sex, age, quantity, averageWeight, reserve, auctioneer, buyer, sellingPricePerKg, passedIn) VALUES (N'C1620', 1620, 206, 100, N'F_Leo     ', N'Angus               ', N'B', 4, 4,831.00, NULL, N'F_Mik     ', 48, 2.6100, 0);
INSERT CattleLot (auctionId, auctionDay, lotNumber, seller, agent, breed, sex, age, quantity, averageWeight, reserve, auctioneer, buyer, sellingPricePerKg, passedIn) VALUES (N'C1620', 1620, 207, 57, N'P_Jan     ', N'Charolais           ', N'S', 3, 19,895.00, NULL, N'P_Jan     ', 73, 2.7100, 0);
INSERT CattleLot (auctionId, auctionDay, lotNumber, seller, agent, breed, sex, age, quantity, averageWeight, reserve, auctioneer, buyer, sellingPricePerKg, passedIn) VALUES (N'C1620', 1620, 208, 74, N'F_Don     ', N'Angus               ', N'B', 2, 14,1023.00, NULL, N'F_Don     ', 62, 2.9100, 0);
INSERT CattleLot (auctionId, auctionDay, lotNumber, seller, agent, breed, sex, age, quantity, averageWeight, reserve, auctioneer, buyer, sellingPricePerKg, passedIn) VALUES (N'C1620', 1620, 209, 32, N'P_Lis     ', N'Angus X             ', N'B', 2, 14,844.00, NULL, N'P_Jan     ', 79, 3.1500, 0);
INSERT CattleLot (auctionId, auctionDay, lotNumber, seller, agent, breed, sex, age, quantity, averageWeight, reserve, auctioneer, buyer, sellingPricePerKg, passedIn) VALUES (N'C1620', 1620, 210, 37, N'F_Mic     ', N'Angus               ', N'S', 1, 7,593.00, NULL, N'F_Don     ', 60, 2.7200, 0);
INSERT CattleLot (auctionId, auctionDay, lotNumber, seller, agent, breed, sex, age, quantity, averageWeight, reserve, auctioneer, buyer, sellingPricePerKg, passedIn) VALUES (N'C1620', 1620, 211, 87, N'P_Bar     ', N'Angus               ', N'S', 2, 9,703.00, NULL, N'P_Jan     ', 65, 2.9200, 0);
INSERT CattleLot (auctionId, auctionDay, lotNumber, seller, agent, breed, sex, age, quantity, averageWeight, reserve, auctioneer, buyer, sellingPricePerKg, passedIn) VALUES (N'C1620', 1620, 212, 43, N'F_Shr     ', N'Angus X             ', N'S', 3, 20,777.00, NULL, N'F_Ral     ', 54, 3.4800, 0);
INSERT CattleLot (auctionId, auctionDay, lotNumber, seller, agent, breed, sex, age, quantity, averageWeight, reserve, auctioneer, buyer, sellingPricePerKg, passedIn) VALUES (N'C1620', 1620, 213, 87, N'P_Bar     ', N'Hereford            ', N'S', 3, 6,694.00, NULL, N'P_Jan     ', 73, 3.3600, 0);
INSERT CattleLot (auctionId, auctionDay, lotNumber, seller, agent, breed, sex, age, quantity, averageWeight, reserve, auctioneer, buyer, sellingPricePerKg, passedIn) VALUES (N'C1620', 1620, 214, 76, N'D_Big     ', N'Angus               ', N'B', 2, 7,1049.00, NULL, N'D_Big     ', 60, 2.6600, 0);
INSERT CattleLot (auctionId, auctionDay, lotNumber, seller, agent, breed, sex, age, quantity, averageWeight, reserve, auctioneer, buyer, sellingPricePerKg, passedIn) VALUES (N'C1620', 1620, 215, 87, N'P_Bar     ', N'Angus               ', N'S', 2, 2,655.00, NULL, N'P_Jan     ', 79, 2.9300, 0);
INSERT CattleLot (auctionId, auctionDay, lotNumber, seller, agent, breed, sex, age, quantity, averageWeight, reserve, auctioneer, buyer, sellingPricePerKg, passedIn) VALUES (N'C1620', 1620, 216, 84, N'F_Shr     ', N'Fresian X           ', N'B', 3, 2,718.00, NULL, N'F_Ral     ', 66, 3.2600, 0);
INSERT CattleLot (auctionId, auctionDay, lotNumber, seller, agent, breed, sex, age, quantity, averageWeight, reserve, auctioneer, buyer, sellingPricePerKg, passedIn) VALUES (N'C1620', 1620, 217, 40, N'F_Dav     ', N'Fresian             ', N'B', 1, 14,925.00, NULL, N'F_Don     ', 59, 2.7700, 0);
INSERT CattleLot (auctionId, auctionDay, lotNumber, seller, agent, breed, sex, age, quantity, averageWeight, reserve, auctioneer, buyer, sellingPricePerKg, passedIn) VALUES (N'C1620', 1620, 218, 37, N'F_Mic     ', N'Angus               ', N'S', 2, 14,923.00, NULL, N'F_Don     ', 59, 3.2700, 0);
INSERT CattleLot (auctionId, auctionDay, lotNumber, seller, agent, breed, sex, age, quantity, averageWeight, reserve, auctioneer, buyer, sellingPricePerKg, passedIn) VALUES (N'C1620', 1620, 219, 57, N'P_Jan     ', N'Fresian             ', N'H', 2, 10,829.00, NULL, N'P_Jan     ', 79, 2.8200, 0);
INSERT CattleLot (auctionId, auctionDay, lotNumber, seller, agent, breed, sex, age, quantity, averageWeight, reserve, auctioneer, buyer, sellingPricePerKg, passedIn) VALUES (N'C1620', 1620, 220, 70, N'P_Bar     ', N'Angus               ', N'S', 2, 15,834.00, NULL, N'P_Jan     ', 61, 2.9200, 0);
INSERT CattleLot (auctionId, auctionDay, lotNumber, seller, agent, breed, sex, age, quantity, averageWeight, reserve, auctioneer, buyer, sellingPricePerKg, passedIn) VALUES (N'C1620', 1620, 221, 38, N'P_Jan     ', N'Angus X             ', N'B', 3, 11,688.00, NULL, N'P_Jan     ', 65, 2.6400, 0);
INSERT CattleLot (auctionId, auctionDay, lotNumber, seller, agent, breed, sex, age, quantity, averageWeight, reserve, auctioneer, buyer, sellingPricePerKg, passedIn) VALUES (N'C1620', 1620, 222, 37, N'F_Mic     ', N'Angus               ', N'B', 2, 9,568.00, 1.6100, N'F_Don     ', 73, 2.9700, 0);
INSERT CattleLot (auctionId, auctionDay, lotNumber, seller, agent, breed, sex, age, quantity, averageWeight, reserve, auctioneer, buyer, sellingPricePerKg, passedIn) VALUES (N'C1620', 1620, 223, 61, N'F_Mic     ', N'Angus               ', N'H', 2, 9,513.00, NULL, N'F_Mik     ', 61, 3.0000, 0);
INSERT CattleLot (auctionId, auctionDay, lotNumber, seller, agent, breed, sex, age, quantity, averageWeight, reserve, auctioneer, buyer, sellingPricePerKg, passedIn) VALUES (N'C1620', 1620, 224, 32, N'P_Lis     ', N'Angus X             ', N'B', 2, 8,906.00, NULL, N'P_Jan     ', 56, 2.9200, 0);
INSERT CattleLot (auctionId, auctionDay, lotNumber, seller, agent, breed, sex, age, quantity, averageWeight, reserve, auctioneer, buyer, sellingPricePerKg, passedIn) VALUES (N'C1620', 1620, 225, 49, N'F_Mik     ', N'Angus               ', N'H', 2, 6,685.00, NULL, N'F_Mik     ', 61, 3.2400, 0);
INSERT CattleLot (auctionId, auctionDay, lotNumber, seller, agent, breed, sex, age, quantity, averageWeight, reserve, auctioneer, buyer, sellingPricePerKg, passedIn) VALUES (N'C1620', 1620, 226, 39, N'F_Ral     ', N'Charolais           ', N'S', 4, 8,572.00, NULL, N'F_Ral     ', 56, 2.8100, 0);
INSERT CattleLot (auctionId, auctionDay, lotNumber, seller, agent, breed, sex, age, quantity, averageWeight, reserve, auctioneer, buyer, sellingPricePerKg, passedIn) VALUES (N'C1620', 1620, 227, 38, N'P_Jan     ', N'Angus               ', N'S', 3, 16,851.00, NULL, N'P_Jan     ', 66, 3.3500, 0);
INSERT CattleLot (auctionId, auctionDay, lotNumber, seller, agent, breed, sex, age, quantity, averageWeight, reserve, auctioneer, buyer, sellingPricePerKg, passedIn) VALUES (N'C1620', 1620, 228, 43, N'F_Shr     ', N'Angus               ', N'S', 2, 16,1100.00, NULL, N'F_Ral     ', 61, 2.8500, 0);
INSERT CattleLot (auctionId, auctionDay, lotNumber, seller, agent, breed, sex, age, quantity, averageWeight, reserve, auctioneer, buyer, sellingPricePerKg, passedIn) VALUES (N'C1620', 1620, 229, 62, N'P_Lis     ', N'Angus               ', N'H', 2, 14,901.00, NULL, N'P_Jan     ', 61, 3.4100, 0);
INSERT CattleLot (auctionId, auctionDay, lotNumber, seller, agent, breed, sex, age, quantity, averageWeight, reserve, auctioneer, buyer, sellingPricePerKg, passedIn) VALUES (N'C1620', 1620, 230, 65, N'P_Bar     ', N'Angus               ', N'B', 2, 18,1063.00, NULL, N'P_Jan     ', 46, 3.2500, 0);
INSERT CattleLot (auctionId, auctionDay, lotNumber, seller, agent, breed, sex, age, quantity, averageWeight, reserve, auctioneer, buyer, sellingPricePerKg, passedIn) VALUES (N'C1620', 1620, 231, 88, N'F_Mik     ', N'Angus               ', N'B', 2, 4,796.00, NULL, N'F_Mik     ', 64, 2.9300, 0);
INSERT CattleLot (auctionId, auctionDay, lotNumber, seller, agent, breed, sex, age, quantity, averageWeight, reserve, auctioneer, buyer, sellingPricePerKg, passedIn) VALUES (N'C1620', 1620, 232, 40, N'F_Dav     ', N'Charolais           ', N'S', 2, 2,818.00, NULL, N'F_Don     ', 65, 3.0700, 0);
INSERT CattleLot (auctionId, auctionDay, lotNumber, seller, agent, breed, sex, age, quantity, averageWeight, reserve, auctioneer, buyer, sellingPricePerKg, passedIn) VALUES (N'C1620', 1620, 233, 74, N'F_Don     ', N'Angus X             ', N'S', 3, 17,980.00, NULL, N'F_Don     ', 75, 2.9000, 0); 

ALTER TABLE CattleLot ADD CONSTRAINT FK_CattleLot_CattleAuction FOREIGN KEY(auctionId)
REFERENCES CattleAuction (id);
ALTER TABLE CattleLot  ADD CONSTRAINT FK_CattleLot_AuctionClientAtAuction_buyer FOREIGN KEY(auctionDay, buyer)
REFERENCES AuctionClientAtAuction (auctionId, clientNumber);
ALTER TABLE CattleLot ADD CONSTRAINT FK_CattleLot_AuctionClientAtAuction_seller FOREIGN KEY(auctionDay, seller)
REFERENCES AuctionClientAtAuction (auctionId, clientNumber);
ALTER TABLE CattleLot ADD CONSTRAINT FK_CattleLot_StockAgent_agent FOREIGN KEY(agent)
REFERENCES StockAgent (id);
ALTER TABLE CattleLot ADD CONSTRAINT FK_CattleLot_StockAgent_auctioneer FOREIGN KEY(auctioneer)
REFERENCES StockAgent (id);


-- Sheep Lot
DROP TABLE IF EXISTS SheepLot;
CREATE TABLE SheepLot(
	auctionId nchar(5) NOT NULL,
	lotNumber smallint NOT NULL,
	auctionDay smallint NOT NULL,
	seller smallint NOT NULL,
	agent nchar(10) NOT NULL,
	breed nchar(20) NOT NULL,
	sex nchar(1) NOT NULL,
	age tinyint NOT NULL,
	quantity tinyint NOT NULL,
	reserve decimal(5,2) NULL,
	auctioneer nchar(10) NULL,
	buyer smallint NULL,
	sellingPricePerHead decimal(5,2) NULL,
	lotSellingPrice decimal(7,2) AS (quantity*sellingPricePerHead),
	passedIn bit NULL,
    PRIMARY KEY(auctionId, lotNumber)
);

INSERT SheepLot (auctionId, auctionDay, lotNumber, seller, agent, breed, sex, age, quantity, reserve, auctioneer, buyer, sellingPricePerHead, passedIn) VALUES (N'S1620', 1620, 101, 57, N'P_Jan     ', N'Romney              ', N'R', 1, 70, NULL, N'P_Jan     ', 56, 95.0000, NULL);
INSERT SheepLot (auctionId, auctionDay, lotNumber, seller, agent, breed, sex, age, quantity, reserve, auctioneer, buyer, sellingPricePerHead, passedIn) VALUES (N'S1620', 1620, 102, 65, N'P_Bar     ', N'Merino              ', N'W', 3, 10, NULL, N'F_Ral     ', 56, 90.0000, NULL);
INSERT SheepLot (auctionId, auctionDay, lotNumber, seller, agent, breed, sex, age, quantity, reserve, auctioneer, buyer, sellingPricePerHead, passedIn) VALUES (N'S1620', 1620, 103, 41, N'P_Jan     ', N'Suffolk X           ', N'R', 2, 30, NULL, N'P_Jan     ', 61, 92.0000, NULL);
INSERT SheepLot (auctionId, auctionDay, lotNumber, seller, agent, breed, sex, age, quantity, reserve, auctioneer, buyer, sellingPricePerHead, passedIn) VALUES (N'S1620', 1620, 104, 41, N'P_Jan     ', N'Romney              ', N'R', 2, 85, NULL, N'P_Jan     ', 65, 97.0000, NULL);
INSERT SheepLot (auctionId, auctionDay, lotNumber, seller, agent, breed, sex, age, quantity, reserve, auctioneer, buyer, sellingPricePerHead, passedIn) VALUES (N'S1620', 1620, 105, 78, N'D_Dav     ', N'Merino              ', N'W', 2, 40, NULL, N'D_Dav     ', 78, 81.0000, NULL);
INSERT SheepLot (auctionId, auctionDay, lotNumber, seller, agent, breed, sex, age, quantity, reserve, auctioneer, buyer, sellingPricePerHead, passedIn) VALUES (N'S1620', 1620, 106, 86, N'F_Shr     ', N'Merino              ', N'E', 3, 55, NULL, N'F_Ral     ', 65, 93.0000, NULL);
INSERT SheepLot (auctionId, auctionDay, lotNumber, seller, agent, breed, sex, age, quantity, reserve, auctioneer, buyer, sellingPricePerHead, passedIn) VALUES (N'S1620', 1620, 107, 43, N'F_Shr     ', N'Merino              ', N'E', 1, 90, NULL, N'F_Mik     ', 54, 89.0000, NULL);
INSERT SheepLot (auctionId, auctionDay, lotNumber, seller, agent, breed, sex, age, quantity, reserve, auctioneer, buyer, sellingPricePerHead, passedIn) VALUES (N'S1620', 1620, 108, 87, N'P_Bar     ', N'Merino              ', N'R', 2, 15, NULL, N'P_Jan     ', 65, 92.0000, NULL);
INSERT SheepLot (auctionId, auctionDay, lotNumber, seller, agent, breed, sex, age, quantity, reserve, auctioneer, buyer, sellingPricePerHead, passedIn) VALUES (N'S1620', 1620, 109, 87, N'P_Bar     ', N'Romney              ', N'W', 1, 60, NULL, N'P_Jan     ', 46, 90.0000, NULL);
INSERT SheepLot (auctionId, auctionDay, lotNumber, seller, agent, breed, sex, age, quantity, reserve, auctioneer, buyer, sellingPricePerHead, passedIn) VALUES (N'S1620', 1620, 110, 43, N'F_Shr     ', N'Romney              ', N'W', 3, 10, NULL, N'F_Mik     ', 65, 84.0000, NULL);
INSERT SheepLot (auctionId, auctionDay, lotNumber, seller, agent, breed, sex, age, quantity, reserve, auctioneer, buyer, sellingPricePerHead, passedIn) VALUES (N'S1620', 1620, 111, 61, N'F_Mic     ', N'Merino              ', N'W', 3, 85, NULL, N'F_Mik     ', 74, 90.0000, NULL);
INSERT SheepLot (auctionId, auctionDay, lotNumber, seller, agent, breed, sex, age, quantity, reserve, auctioneer, buyer, sellingPricePerHead, passedIn) VALUES (N'S1620', 1620, 112, 86, N'F_Shr     ', N'Romney              ', N'W', 1, 25, NULL, N'F_Ral     ', 62, 81.0000, NULL);
INSERT SheepLot (auctionId, auctionDay, lotNumber, seller, agent, breed, sex, age, quantity, reserve, auctioneer, buyer, sellingPricePerHead, passedIn) VALUES (N'S1620', 1620, 113, 58, N'P_Jan     ', N'Merino              ', N'E', 1, 35, NULL, N'P_Jan     ', 62, 104.0000, NULL);
INSERT SheepLot (auctionId, auctionDay, lotNumber, seller, agent, breed, sex, age, quantity, reserve, auctioneer, buyer, sellingPricePerHead, passedIn) VALUES (N'S1620', 1620, 114, 39, N'F_Ral     ', N'Suffolk X           ', N'R', 1, 60, NULL, N'F_Ral     ', 65, 104.0000, NULL);
INSERT SheepLot (auctionId, auctionDay, lotNumber, seller, agent, breed, sex, age, quantity, reserve, auctioneer, buyer, sellingPricePerHead, passedIn) VALUES (N'S1620', 1620, 115, 85, N'F_Leo     ', N'Romney              ', N'W', 1, 40, 90.0000, N'F_Mik     ', 77, 93.0000, NULL);
INSERT SheepLot (auctionId, auctionDay, lotNumber, seller, agent, breed, sex, age, quantity, reserve, auctioneer, buyer, sellingPricePerHead, passedIn) VALUES (N'S1620', 1620, 116, 39, N'F_Ral     ', N'Merino              ', N'R', 3, 70, NULL, N'F_Ral     ', 59, 82.0000, NULL);
INSERT SheepLot (auctionId, auctionDay, lotNumber, seller, agent, breed, sex, age, quantity, reserve, auctioneer, buyer, sellingPricePerHead, passedIn) VALUES (N'S1620', 1620, 117, 39, N'F_Ral     ', N'Merino              ', N'R', 3, 30, NULL, N'F_Ral     ', 46, 94.0000, NULL);
INSERT SheepLot (auctionId, auctionDay, lotNumber, seller, agent, breed, sex, age, quantity, reserve, auctioneer, buyer, sellingPricePerHead, passedIn) VALUES (N'S1620', 1620, 118, 43, N'F_Shr     ', N'Merino              ', N'W', 1, 70, NULL, N'F_Ral     ', 60, 104.0000, NULL);
INSERT SheepLot (auctionId, auctionDay, lotNumber, seller, agent, breed, sex, age, quantity, reserve, auctioneer, buyer, sellingPricePerHead, passedIn) VALUES (N'S1620', 1620, 119, 77, N'F_Don     ', N'Merino              ', N'E', 2, 55, NULL, N'F_Don     ', 78, 81.0000, NULL);
INSERT SheepLot (auctionId, auctionDay, lotNumber, seller, agent, breed, sex, age, quantity, reserve, auctioneer, buyer, sellingPricePerHead, passedIn) VALUES (N'S1620', 1620, 120, 60, N'D_Dav     ', N'Romney              ', N'E', 1, 35, NULL, N'D_Dav     ', 79, 83.0000, NULL);
INSERT SheepLot (auctionId, auctionDay, lotNumber, seller, agent, breed, sex, age, quantity, reserve, auctioneer, buyer, sellingPricePerHead, passedIn) VALUES (N'S1620', 1620, 121, 74, N'F_Don     ', N'Romney              ', N'R', 1, 90, NULL, N'F_Don     ', 78, 79.0000, NULL);
INSERT SheepLot (auctionId, auctionDay, lotNumber, seller, agent, breed, sex, age, quantity, reserve, auctioneer, buyer, sellingPricePerHead, passedIn) VALUES (N'S1620', 1620, 122, 70, N'P_Bar     ', N'Romney              ', N'W', 2, 95, NULL, N'P_Jan     ', 80, 87.0000, NULL);
INSERT SheepLot (auctionId, auctionDay, lotNumber, seller, agent, breed, sex, age, quantity, reserve, auctioneer, buyer, sellingPricePerHead, passedIn) VALUES (N'S1620', 1620, 123, 87, N'P_Bar     ', N'Merino              ', N'W', 3, 20, NULL, N'P_Jan     ', 61, 97.0000, NULL);
INSERT SheepLot (auctionId, auctionDay, lotNumber, seller, agent, breed, sex, age, quantity, reserve, auctioneer, buyer, sellingPricePerHead, passedIn) VALUES (N'S1620', 1620, 124, 37, N'F_Mic     ', N'Suffolk X           ', N'W', 2, 70, NULL, N'F_Don     ', 48, 86.0000, NULL);
INSERT SheepLot (auctionId, auctionDay, lotNumber, seller, agent, breed, sex, age, quantity, reserve, auctioneer, buyer, sellingPricePerHead, passedIn) VALUES (N'S1620', 1620, 125, 41, N'P_Jan     ', N'Romney              ', N'W', 1, 40, NULL, N'P_Jan     ', 56, 86.0000, NULL);
INSERT SheepLot (auctionId, auctionDay, lotNumber, seller, agent, breed, sex, age, quantity, reserve, auctioneer, buyer, sellingPricePerHead, passedIn) VALUES (N'S1620', 1620, 126, 38, N'P_Jan     ', N'Merino              ', N'E', 1, 80, NULL, N'P_Jan     ', 39, 103.0000, NULL);
INSERT SheepLot (auctionId, auctionDay, lotNumber, seller, agent, breed, sex, age, quantity, reserve, auctioneer, buyer, sellingPricePerHead, passedIn) VALUES (N'S1620', 1620, 127, 85, N'F_Leo     ', N'Merino              ', N'R', 1, 30, NULL, N'F_Mik     ', 60, 87.0000, NULL);
INSERT SheepLot (auctionId, auctionDay, lotNumber, seller, agent, breed, sex, age, quantity, reserve, auctioneer, buyer, sellingPricePerHead, passedIn) VALUES (N'S1620', 1620, 128, 69, N'D_Dav     ', N'Merino              ', N'W', 2, 25, NULL, N'D_Dav     ', 61, 105.0000, NULL);
INSERT SheepLot (auctionId, auctionDay, lotNumber, seller, agent, breed, sex, age, quantity, reserve, auctioneer, buyer, sellingPricePerHead, passedIn) VALUES (N'S1620', 1620, 129, 69, N'D_Dav     ', N'Merino              ', N'R', 2, 45, NULL, N'D_Dav     ', 61, 86.0000, NULL);
INSERT SheepLot (auctionId, auctionDay, lotNumber, seller, agent, breed, sex, age, quantity, reserve, auctioneer, buyer, sellingPricePerHead, passedIn) VALUES (N'S1620', 1620, 130, 41, N'P_Jan     ', N'Romney              ', N'R', 1, 15, NULL, N'P_Jan     ', 66, 87.0000, NULL);
INSERT SheepLot (auctionId, auctionDay, lotNumber, seller, agent, breed, sex, age, quantity, reserve, auctioneer, buyer, sellingPricePerHead, passedIn) VALUES (N'S1620', 1620, 131, 69, N'D_Dav     ', N'Romney              ', N'W', 2, 45, NULL, N'D_Dav     ', 62, 82.0000, NULL);
INSERT SheepLot (auctionId, auctionDay, lotNumber, seller, agent, breed, sex, age, quantity, reserve, auctioneer, buyer, sellingPricePerHead, passedIn) VALUES (N'S1620', 1620, 132, 69, N'D_Dav     ', N'Romney              ', N'E', 1, 85, NULL, N'D_Dav     ', 59, 86.0000, NULL);
INSERT SheepLot (auctionId, auctionDay, lotNumber, seller, agent, breed, sex, age, quantity, reserve, auctioneer, buyer, sellingPricePerHead, passedIn) VALUES (N'S1620', 1620, 133, 88, N'F_Mik     ', N'Merino              ', N'E', 3, 75, NULL, N'F_Mik     ', 75, 83.0000, NULL);
INSERT SheepLot (auctionId, auctionDay, lotNumber, seller, agent, breed, sex, age, quantity, reserve, auctioneer, buyer, sellingPricePerHead, passedIn) VALUES (N'S1620', 1620, 134, 58, N'P_Jan     ', N'Suffolk X           ', N'R', 3, 60, NULL, N'P_Jan     ', 63, 79.0000, NULL);
INSERT SheepLot (auctionId, auctionDay, lotNumber, seller, agent, breed, sex, age, quantity, reserve, auctioneer, buyer, sellingPricePerHead, passedIn) VALUES (N'S1620', 1620, 135, 69, N'D_Dav     ', N'Romney              ', N'W', 1, 30, NULL, N'D_Dav     ', 60, 78.0000, NULL);
INSERT SheepLot (auctionId, auctionDay, lotNumber, seller, agent, breed, sex, age, quantity, reserve, auctioneer, buyer, sellingPricePerHead, passedIn) VALUES (N'S1620', 1620, 136, 65, N'P_Bar     ', N'Merino              ', N'W', 1, 95, NULL, N'F_Ral     ', 60, 105.0000, NULL);
INSERT SheepLot (auctionId, auctionDay, lotNumber, seller, agent, breed, sex, age, quantity, reserve, auctioneer, buyer, sellingPricePerHead, passedIn) VALUES (N'S1620', 1620, 137, 87, N'P_Bar     ', N'Merino              ', N'W', 3, 20, NULL, N'P_Jan     ', 79, 98.0000, NULL);
INSERT SheepLot (auctionId, auctionDay, lotNumber, seller, agent, breed, sex, age, quantity, reserve, auctioneer, buyer, sellingPricePerHead, passedIn) VALUES (N'S1620', 1620, 138, 61, N'F_Mic     ', N'Merino              ', N'W', 2, 40, NULL, N'F_Mik     ', 66, 78.0000, NULL);
INSERT SheepLot (auctionId, auctionDay, lotNumber, seller, agent, breed, sex, age, quantity, reserve, auctioneer, buyer, sellingPricePerHead, passedIn) VALUES (N'S1620', 1620, 139, 41, N'P_Jan     ', N'Merino              ', N'E', 1, 35, 120.0000, N'P_Jan     ', 62, NULL, 1);
INSERT SheepLot (auctionId, auctionDay, lotNumber, seller, agent, breed, sex, age, quantity, reserve, auctioneer, buyer, sellingPricePerHead, passedIn) VALUES (N'S1620', 1620, 140, 58, N'P_Jan     ', N'Romney              ', N'R', 3, 25, NULL, N'P_Jan     ', 54, 89.0000, NULL);
INSERT SheepLot (auctionId, auctionDay, lotNumber, seller, agent, breed, sex, age, quantity, reserve, auctioneer, buyer, sellingPricePerHead, passedIn) VALUES (N'S1620', 1620, 141, 60, N'D_Dav     ', N'Romney              ', N'W', 2, 100, NULL, N'D_Dav     ', 56, 81.0000, NULL);
INSERT SheepLot (auctionId, auctionDay, lotNumber, seller, agent, breed, sex, age, quantity, reserve, auctioneer, buyer, sellingPricePerHead, passedIn) VALUES (N'S1620', 1620, 142, 42, N'F_Don     ', N'Romney              ', N'R', 3, 30, NULL, N'F_Don     ', 60, 94.0000, NULL);
INSERT SheepLot (auctionId, auctionDay, lotNumber, seller, agent, breed, sex, age, quantity, reserve, auctioneer, buyer, sellingPricePerHead, passedIn) VALUES (N'S1620', 1620, 143, 32, N'P_Lis     ', N'Merino              ', N'R', 3, 10, NULL, N'P_Jan     ', 79, 100.0000, NULL);
INSERT SheepLot (auctionId, auctionDay, lotNumber, seller, agent, breed, sex, age, quantity, reserve, auctioneer, buyer, sellingPricePerHead, passedIn) VALUES (N'S1620', 1620, 144, 37, N'F_Mic     ', N'Suffolk X           ', N'W', 2, 100, NULL, N'F_Don     ', 74, 101.0000, NULL);
INSERT SheepLot (auctionId, auctionDay, lotNumber, seller, agent, breed, sex, age, quantity, reserve, auctioneer, buyer, sellingPricePerHead, passedIn) VALUES (N'S1620', 1620, 145, 86, N'F_Shr     ', N'Romney              ', N'E', 2, 35, NULL, N'F_Mik     ', 80, 93.0000, NULL);
INSERT SheepLot (auctionId, auctionDay, lotNumber, seller, agent, breed, sex, age, quantity, reserve, auctioneer, buyer, sellingPricePerHead, passedIn) VALUES (N'S1620', 1620, 146, 65, N'P_Bar     ', N'Merino              ', N'E', 1, 70, NULL, N'F_Ral     ', 61, 89.0000, NULL);
INSERT SheepLot (auctionId, auctionDay, lotNumber, seller, agent, breed, sex, age, quantity, reserve, auctioneer, buyer, sellingPricePerHead, passedIn) VALUES (N'S1620', 1620, 147, 101, N'F_Dav     ', N'Merino              ', N'W', 1, 30, NULL, N'F_Mik     ', 62, 81.0000, NULL);
INSERT SheepLot (auctionId, auctionDay, lotNumber, seller, agent, breed, sex, age, quantity, reserve, auctioneer, buyer, sellingPricePerHead, passedIn) VALUES (N'S1620', 1620, 148, 84, N'F_Shr     ', N'Romney              ', N'W', 3, 10, NULL, N'F_Ral     ', 62, 81.0000, NULL);
INSERT SheepLot (auctionId, auctionDay, lotNumber, seller, agent, breed, sex, age, quantity, reserve, auctioneer, buyer, sellingPricePerHead, passedIn) VALUES (N'S1620', 1620, 149, 42, N'F_Don     ', N'Romney              ', N'W', 1, 45, NULL, N'F_Don     ', 78, 97.0000, NULL);
INSERT SheepLot (auctionId, auctionDay, lotNumber, seller, agent, breed, sex, age, quantity, reserve, auctioneer, buyer, sellingPricePerHead, passedIn) VALUES (N'S1620', 1620, 150, 42, N'F_Don     ', N'Romney              ', N'E', 3, 55, NULL, N'F_Don     ', 63, 100.0000, NULL);
INSERT SheepLot (auctionId, auctionDay, lotNumber, seller, agent, breed, sex, age, quantity, reserve, auctioneer, buyer, sellingPricePerHead, passedIn) VALUES (N'S1620', 1620, 151, 65, N'P_Bar     ', N'Merino              ', N'R', 3, 25, NULL, N'F_Ral     ', 65, 87.0000, NULL);
INSERT SheepLot (auctionId, auctionDay, lotNumber, seller, agent, breed, sex, age, quantity, reserve, auctioneer, buyer, sellingPricePerHead, passedIn) VALUES (N'S1620', 1620, 152, 78, N'D_Dav     ', N'Suffolk X           ', N'W', 3, 45, NULL, N'D_Dav     ', 79, 78.0000, NULL);
INSERT SheepLot (auctionId, auctionDay, lotNumber, seller, agent, breed, sex, age, quantity, reserve, auctioneer, buyer, sellingPricePerHead, passedIn) VALUES (N'S1620', 1620, 153, 43, N'F_Shr     ', N'Romney              ', N'R', 3, 10, NULL, N'F_Ral     ', 75, 80.0000, NULL);
INSERT SheepLot (auctionId, auctionDay, lotNumber, seller, agent, breed, sex, age, quantity, reserve, auctioneer, buyer, sellingPricePerHead, passedIn) VALUES (N'S1620', 1620, 154, 87, N'P_Bar     ', N'Merino              ', N'R', 1, 5, NULL, N'P_Jan     ', 62, 84.0000, NULL);
INSERT SheepLot (auctionId, auctionDay, lotNumber, seller, agent, breed, sex, age, quantity, reserve, auctioneer, buyer, sellingPricePerHead, passedIn) VALUES (N'S1620', 1620, 155, 78, N'D_Dav     ', N'Merino              ', N'W', 3, 20, NULL, N'D_Dav     ', 61, 79.0000, NULL);
INSERT SheepLot (auctionId, auctionDay, lotNumber, seller, agent, breed, sex, age, quantity, reserve, auctioneer, buyer, sellingPricePerHead, passedIn) VALUES (N'S1620', 1620, 156, 84, N'F_Shr     ', N'Merino              ', N'E', 2, 55, 100.0000, N'F_Ral     ', 80, NULL, 1);
INSERT SheepLot (auctionId, auctionDay, lotNumber, seller, agent, breed, sex, age, quantity, reserve, auctioneer, buyer, sellingPricePerHead, passedIn) VALUES (N'S1620', 1620, 157, 58, N'P_Jan     ', N'Merino              ', N'E', 2, 70, NULL, N'P_Jan     ', 80, 91.0000, NULL);
INSERT SheepLot (auctionId, auctionDay, lotNumber, seller, agent, breed, sex, age, quantity, reserve, auctioneer, buyer, sellingPricePerHead, passedIn) VALUES (N'S1620', 1620, 158, 76, N'D_Big     ', N'Romney              ', N'R', 3, 15, NULL, N'D_Big     ', 62, 100.0000, NULL);
INSERT SheepLot (auctionId, auctionDay, lotNumber, seller, agent, breed, sex, age, quantity, reserve, auctioneer, buyer, sellingPricePerHead, passedIn) VALUES (N'S1620', 1620, 159, 39, N'F_Ral     ', N'Romney              ', N'W', 3, 40, NULL, N'F_Ral     ', 48, 97.0000, NULL);
INSERT SheepLot (auctionId, auctionDay, lotNumber, seller, agent, breed, sex, age, quantity, reserve, auctioneer, buyer, sellingPricePerHead, passedIn) VALUES (N'S1620', 1620, 160, 88, N'F_Mik     ', N'Romney              ', N'W', 3, 100, 75.0000, N'F_Mik     ', 61, 81.0000, NULL);
INSERT SheepLot (auctionId, auctionDay, lotNumber, seller, agent, breed, sex, age, quantity, reserve, auctioneer, buyer, sellingPricePerHead, passedIn) VALUES (N'S1620', 1620, 161, 88, N'F_Mik     ', N'Merino              ', N'W', 3, 60, NULL, N'F_Mik     ', 56, 98.0000, NULL);
INSERT SheepLot (auctionId, auctionDay, lotNumber, seller, agent, breed, sex, age, quantity, reserve, auctioneer, buyer, sellingPricePerHead, passedIn) VALUES (N'S1620', 1620, 162, 85, N'F_Leo     ', N'Suffolk X           ', N'W', 2, 25, NULL, N'F_Mik     ', 48, 84.0000, NULL);
INSERT SheepLot (auctionId, auctionDay, lotNumber, seller, agent, breed, sex, age, quantity, reserve, auctioneer, buyer, sellingPricePerHead, passedIn) VALUES (N'S1620', 1620, 163, 59, N'D_Dav     ', N'Romney              ', N'E', 1, 80, NULL, N'D_Dav     ', 64, 90.0000, NULL);
INSERT SheepLot (auctionId, auctionDay, lotNumber, seller, agent, breed, sex, age, quantity, reserve, auctioneer, buyer, sellingPricePerHead, passedIn) VALUES (N'S1620', 1620, 164, 32, N'P_Lis     ', N'Merino              ', N'R', 3, 40, NULL, N'P_Jan     ', 65, 96.0000, NULL);
INSERT SheepLot (auctionId, auctionDay, lotNumber, seller, agent, breed, sex, age, quantity, reserve, auctioneer, buyer, sellingPricePerHead, passedIn) VALUES (N'S1620', 1620, 165, 101, N'F_Dav     ', N'Merino              ', N'W', 1, 25, NULL, N'F_Mik     ', 77, 95.0000, NULL);
INSERT SheepLot (auctionId, auctionDay, lotNumber, seller, agent, breed, sex, age, quantity, reserve, auctioneer, buyer, sellingPricePerHead, passedIn) VALUES (N'S1620', 1620, 166, 57, N'P_Jan     ', N'Merino              ', N'R', 2, 15, NULL, N'P_Jan     ', 48, 100.0000, NULL);
INSERT SheepLot (auctionId, auctionDay, lotNumber, seller, agent, breed, sex, age, quantity, reserve, auctioneer, buyer, sellingPricePerHead, passedIn) VALUES (N'S1620', 1620, 167, 60, N'D_Dav     ', N'Merino              ', N'R', 3, 45, NULL, N'D_Dav     ', 79, 85.0000, NULL);
INSERT SheepLot (auctionId, auctionDay, lotNumber, seller, agent, breed, sex, age, quantity, reserve, auctioneer, buyer, sellingPricePerHead, passedIn) VALUES (N'S1620', 1620, 168, 40, N'F_Dav     ', N'Romney              ', N'W', 2, 45, NULL, N'F_Don     ', 63, 81.0000, NULL);
INSERT SheepLot (auctionId, auctionDay, lotNumber, seller, agent, breed, sex, age, quantity, reserve, auctioneer, buyer, sellingPricePerHead, passedIn) VALUES (N'S1620', 1620, 169, 49, N'F_Mik     ', N'Romney              ', N'E', 1, 20, NULL, N'F_Mik     ', 64, 88.0000, NULL);
INSERT SheepLot (auctionId, auctionDay, lotNumber, seller, agent, breed, sex, age, quantity, reserve, auctioneer, buyer, sellingPricePerHead, passedIn) VALUES (N'S1620', 1620, 170, 32, N'P_Lis     ', N'Romney              ', N'E', 3, 25, NULL, N'P_Jan     ', 61, 92.0000, NULL);
INSERT SheepLot (auctionId, auctionDay, lotNumber, seller, agent, breed, sex, age, quantity, reserve, auctioneer, buyer, sellingPricePerHead, passedIn) VALUES (N'S1620', 1620, 171, 58, N'P_Jan     ', N'Merino              ', N'R', 1, 50, NULL, N'P_Jan     ', 63, 78.0000, NULL);
INSERT SheepLot (auctionId, auctionDay, lotNumber, seller, agent, breed, sex, age, quantity, reserve, auctioneer, buyer, sellingPricePerHead, passedIn) VALUES (N'S1620', 1620, 172, 65, N'P_Bar     ', N'Suffolk X           ', N'W', 1, 20, NULL, N'F_Ral     ', 75, 81.0000, NULL);
INSERT SheepLot (auctionId, auctionDay, lotNumber, seller, agent, breed, sex, age, quantity, reserve, auctioneer, buyer, sellingPricePerHead, passedIn) VALUES (N'S1620', 1620, 173, 39, N'F_Ral     ', N'Romney              ', N'W', 1, 70, NULL, N'F_Ral     ', 73, 90.0000, NULL);
INSERT SheepLot (auctionId, auctionDay, lotNumber, seller, agent, breed, sex, age, quantity, reserve, auctioneer, buyer, sellingPricePerHead, passedIn) VALUES (N'S1620', 1620, 174, 38, N'P_Jan     ', N'Merino              ', N'W', 3, 90, NULL, N'P_Jan     ', 60, 95.0000, NULL);
INSERT SheepLot (auctionId, auctionDay, lotNumber, seller, agent, breed, sex, age, quantity, reserve, auctioneer, buyer, sellingPricePerHead, passedIn) VALUES (N'S1620', 1620, 175, 41, N'P_Jan     ', N'Merino              ', N'W', 3, 65, NULL, N'P_Jan     ', 39, 86.0000, NULL);
INSERT SheepLot (auctionId, auctionDay, lotNumber, seller, agent, breed, sex, age, quantity, reserve, auctioneer, buyer, sellingPricePerHead, passedIn) VALUES (N'S1620', 1620, 176, 58, N'P_Jan     ', N'Merino              ', N'E', 3, 35, NULL, N'P_Jan     ', 65, 87.0000, NULL);
INSERT SheepLot (auctionId, auctionDay, lotNumber, seller, agent, breed, sex, age, quantity, reserve, auctioneer, buyer, sellingPricePerHead, passedIn) VALUES (N'S1620', 1620, 177, 58, N'P_Jan     ', N'Merino              ', N'R', 3, 5, NULL, N'P_Jan     ', 66, 98.0000, NULL);
INSERT SheepLot (auctionId, auctionDay, lotNumber, seller, agent, breed, sex, age, quantity, reserve, auctioneer, buyer, sellingPricePerHead, passedIn) VALUES (N'S1620', 1620, 178, 39, N'F_Ral     ', N'Romney              ', N'W', 3, 75, NULL, N'F_Ral     ', 54, 97.0000, NULL);
INSERT SheepLot (auctionId, auctionDay, lotNumber, seller, agent, breed, sex, age, quantity, reserve, auctioneer, buyer, sellingPricePerHead, passedIn) VALUES (N'S1620', 1620, 179, 61, N'F_Mic     ', N'Romney              ', N'R', 2, 35, NULL, N'F_Mik     ', 77, 104.0000, NULL);
INSERT SheepLot (auctionId, auctionDay, lotNumber, seller, agent, breed, sex, age, quantity, reserve, auctioneer, buyer, sellingPricePerHead, passedIn) VALUES (N'S1620', 1620, 180, 43, N'F_Shr     ', N'Romney              ', N'R', 2, 60, NULL, N'F_Mik     ', 65, 90.0000, NULL);
INSERT SheepLot (auctionId, auctionDay, lotNumber, seller, agent, breed, sex, age, quantity, reserve, auctioneer, buyer, sellingPricePerHead, passedIn) VALUES (N'S1620', 1620, 181, 43, N'F_Shr     ', N'Merino              ', N'W', 1, 15, NULL, N'F_Mik     ', 64, 103.0000, NULL);
INSERT SheepLot (auctionId, auctionDay, lotNumber, seller, agent, breed, sex, age, quantity, reserve, auctioneer, buyer, sellingPricePerHead, passedIn) VALUES (N'S1620', 1620, 182, 41, N'P_Jan     ', N'Suffolk X           ', N'E', 2, 45, 72.0000, N'P_Jan     ', 65, 78.0000, NULL);
INSERT SheepLot (auctionId, auctionDay, lotNumber, seller, agent, breed, sex, age, quantity, reserve, auctioneer, buyer, sellingPricePerHead, passedIn) VALUES (N'S1620', 1620, 183, 86, N'F_Shr     ', N'Romney              ', N'E', 2, 25, NULL, N'F_Ral     ', 63, 79.0000, NULL);
INSERT SheepLot (auctionId, auctionDay, lotNumber, seller, agent, breed, sex, age, quantity, reserve, auctioneer, buyer, sellingPricePerHead, passedIn) VALUES (N'S1620', 1620, 184, 101, N'F_Dav     ', N'Merino              ', N'R', 1, 70, NULL, N'F_Mik     ', 65, 103.0000, NULL);
INSERT SheepLot (auctionId, auctionDay, lotNumber, seller, agent, breed, sex, age, quantity, reserve, auctioneer, buyer, sellingPricePerHead, passedIn) VALUES (N'S1620', 1620, 185, 43, N'F_Shr     ', N'Merino              ', N'W', 3, 100, NULL, N'F_Mik     ', 46, 86.0000, NULL);
INSERT SheepLot (auctionId, auctionDay, lotNumber, seller, agent, breed, sex, age, quantity, reserve, auctioneer, buyer, sellingPricePerHead, passedIn) VALUES (N'S1620', 1620, 186, 34, N'F_Mic     ', N'Merino              ', N'W', 3, 35, NULL, N'F_Don     ', 48, 97.0000, NULL);
INSERT SheepLot (auctionId, auctionDay, lotNumber, seller, agent, breed, sex, age, quantity, reserve, auctioneer, buyer, sellingPricePerHead, passedIn) VALUES (N'S1620', 1620, 187, 84, N'F_Shr     ', N'Merino              ', N'W', 2, 10, NULL, N'F_Ral     ', 63, 91.0000, NULL);
INSERT SheepLot (auctionId, auctionDay, lotNumber, seller, agent, breed, sex, age, quantity, reserve, auctioneer, buyer, sellingPricePerHead, passedIn) VALUES (N'S1620', 1620, 188, 41, N'P_Jan     ', N'Romney              ', N'W', 1, 55, NULL, N'P_Jan     ', 79, 94.0000, NULL);
INSERT SheepLot (auctionId, auctionDay, lotNumber, seller, agent, breed, sex, age, quantity, reserve, auctioneer, buyer, sellingPricePerHead, passedIn) VALUES (N'S1620', 1620, 189, 58, N'P_Jan     ', N'Romney              ', N'E', 2, 45, NULL, N'P_Jan     ', 73, 87.0000, NULL);
INSERT SheepLot (auctionId, auctionDay, lotNumber, seller, agent, breed, sex, age, quantity, reserve, auctioneer, buyer, sellingPricePerHead, passedIn) VALUES (N'S1620', 1620, 190, 86, N'F_Shr     ', N'Romney              ', N'R', 2, 10, NULL, N'F_Ral     ', 74, 96.0000, NULL);
INSERT SheepLot (auctionId, auctionDay, lotNumber, seller, agent, breed, sex, age, quantity, reserve, auctioneer, buyer, sellingPricePerHead, passedIn) VALUES (N'S1620', 1620, 191, 61, N'F_Mic     ', N'Merino              ', N'W', 3, 50, NULL, N'F_Mik     ', 61, 91.0000, NULL);
INSERT SheepLot (auctionId, auctionDay, lotNumber, seller, agent, breed, sex, age, quantity, reserve, auctioneer, buyer, sellingPricePerHead, passedIn) VALUES (N'S1620', 1620, 192, 85, N'F_Leo     ', N'Suffolk X           ', N'R', 1, 40, 101.0000, N'F_Mik     ', 59, 104.0000, NULL);
INSERT SheepLot (auctionId, auctionDay, lotNumber, seller, agent, breed, sex, age, quantity, reserve, auctioneer, buyer, sellingPricePerHead, passedIn) VALUES (N'S1620', 1620, 193, 69, N'D_Dav     ', N'Romney              ', N'R', 3, 40, NULL, N'D_Dav     ', 46, 97.0000, NULL);
INSERT SheepLot (auctionId, auctionDay, lotNumber, seller, agent, breed, sex, age, quantity, reserve, auctioneer, buyer, sellingPricePerHead, passedIn) VALUES (N'S1620', 1620, 194, 65, N'P_Bar     ', N'Merino              ', N'W', 1, 70, NULL, N'F_Ral     ', 74, 87.0000, NULL);
INSERT SheepLot (auctionId, auctionDay, lotNumber, seller, agent, breed, sex, age, quantity, reserve, auctioneer, buyer, sellingPricePerHead, passedIn) VALUES (N'S1620', 1620, 195, 62, N'P_Lis     ', N'Merino              ', N'E', 2, 75, NULL, N'P_Jan     ', 59, 81.0000, NULL);
INSERT SheepLot (auctionId, auctionDay, lotNumber, seller, agent, breed, sex, age, quantity, reserve, auctioneer, buyer, sellingPricePerHead, passedIn) VALUES (N'S1620', 1620, 196, 86, N'F_Shr     ', N'Merino              ', N'E', 1, 55, NULL, N'F_Ral     ', 54, 95.0000, NULL);
INSERT SheepLot (auctionId, auctionDay, lotNumber, seller, agent, breed, sex, age, quantity, reserve, auctioneer, buyer, sellingPricePerHead, passedIn) VALUES (N'S1620', 1620, 197, 60, N'D_Dav     ', N'Merino              ', N'R', 3, 65, NULL, N'D_Dav     ', 80, 101.0000, NULL);
INSERT SheepLot (auctionId, auctionDay, lotNumber, seller, agent, breed, sex, age, quantity, reserve, auctioneer, buyer, sellingPricePerHead, passedIn) VALUES (N'S1620', 1620, 198, 34, N'F_Mic     ', N'Romney              ', N'W', 2, 10, NULL, N'F_Don     ', 56, 92.0000, NULL);
INSERT SheepLot (auctionId, auctionDay, lotNumber, seller, agent, breed, sex, age, quantity, reserve, auctioneer, buyer, sellingPricePerHead, passedIn) VALUES (N'S1620', 1620, 199, 60, N'D_Dav     ', N'Romney              ', N'W', 2, 20, NULL, N'D_Dav     ', 39, 89.0000, NULL);
INSERT SheepLot (auctionId, auctionDay, lotNumber, seller, agent, breed, sex, age, quantity, reserve, auctioneer, buyer, sellingPricePerHead, passedIn) VALUES (N'S1620', 1620, 200, 57, N'P_Jan     ', N'Merino              ', N'W', 1, 15, NULL, N'P_Jan     ', 73, 78.0000, NULL);
INSERT SheepLot (auctionId, auctionDay, lotNumber, seller, agent, breed, sex, age, quantity, reserve, auctioneer, buyer, sellingPricePerHead, passedIn) VALUES (N'S1620', 1620, 201, 40, N'F_Dav     ', N'Suffolk X           ', N'E', 1, 10, NULL, N'F_Don     ', 64, 94.0000, NULL);
INSERT SheepLot (auctionId, auctionDay, lotNumber, seller, agent, breed, sex, age, quantity, reserve, auctioneer, buyer, sellingPricePerHead, passedIn) VALUES (N'S1620', 1620, 202, 40, N'F_Dav     ', N'Romney              ', N'R', 2, 45, NULL, N'F_Don     ', 75, 86.0000, NULL);
INSERT SheepLot (auctionId, auctionDay, lotNumber, seller, agent, breed, sex, age, quantity, reserve, auctioneer, buyer, sellingPricePerHead, passedIn) VALUES (N'S1620', 1620, 203, 59, N'D_Dav     ', N'Merino              ', N'W', 3, 40, 72.0000, N'D_Dav     ', 66, 81.0000, NULL);
INSERT SheepLot (auctionId, auctionDay, lotNumber, seller, agent, breed, sex, age, quantity, reserve, auctioneer, buyer, sellingPricePerHead, passedIn) VALUES (N'S1620', 1620, 204, 39, N'F_Ral     ', N'Merino              ', N'R', 3, 75, NULL, N'F_Ral     ', 66, 101.0000, NULL);
INSERT SheepLot (auctionId, auctionDay, lotNumber, seller, agent, breed, sex, age, quantity, reserve, auctioneer, buyer, sellingPricePerHead, passedIn) VALUES (N'S1620', 1620, 205, 100, N'F_Leo     ', N'Merino              ', N'R', 2, 20, NULL, N'F_Don     ', 60, 82.0000, NULL);
INSERT SheepLot (auctionId, auctionDay, lotNumber, seller, agent, breed, sex, age, quantity, reserve, auctioneer, buyer, sellingPricePerHead, passedIn) VALUES (N'S1620', 1620, 206, 70, N'P_Bar     ', N'Romney              ', N'E', 2, 100, NULL, N'P_Jan     ', 48, 103.0000, NULL);
INSERT SheepLot (auctionId, auctionDay, lotNumber, seller, agent, breed, sex, age, quantity, reserve, auctioneer, buyer, sellingPricePerHead, passedIn) VALUES (N'S1620', 1620, 207, 42, N'F_Don     ', N'Romney              ', N'E', 3, 60, 84.0000, N'F_Don     ', 46, 100.0000, NULL);
INSERT SheepLot (auctionId, auctionDay, lotNumber, seller, agent, breed, sex, age, quantity, reserve, auctioneer, buyer, sellingPricePerHead, passedIn) VALUES (N'S1620', 1620, 208, 101, N'F_Dav     ', N'Romney              ', N'R', 3, 45, NULL, N'F_Mik     ', 62, 97.0000, NULL);
INSERT SheepLot (auctionId, auctionDay, lotNumber, seller, agent, breed, sex, age, quantity, reserve, auctioneer, buyer, sellingPricePerHead, passedIn) VALUES (N'S1620', 1620, 209, 87, N'P_Bar     ', N'Merino              ', N'W', 1, 80, NULL, N'P_Jan     ', 61, 87.0000, NULL);
INSERT SheepLot (auctionId, auctionDay, lotNumber, seller, agent, breed, sex, age, quantity, reserve, auctioneer, buyer, sellingPricePerHead, passedIn) VALUES (N'S1620', 1620, 210, 57, N'P_Jan     ', N'Suffolk X           ', N'W', 3, 95, NULL, N'P_Jan     ', 66, 83.0000, NULL);
INSERT SheepLot (auctionId, auctionDay, lotNumber, seller, agent, breed, sex, age, quantity, reserve, auctioneer, buyer, sellingPricePerHead, passedIn) VALUES (N'S1620', 1620, 211, 101, N'F_Dav     ', N'Romney              ', N'W', 2, 100, NULL, N'F_Mik     ', 74, 94.0000, NULL);
INSERT SheepLot (auctionId, auctionDay, lotNumber, seller, agent, breed, sex, age, quantity, reserve, auctioneer, buyer, sellingPricePerHead, passedIn) VALUES (N'S1620', 1620, 212, 58, N'P_Jan     ', N'Merino              ', N'W', 2, 95, NULL, N'P_Jan     ', 74, 92.0000, NULL);
INSERT SheepLot (auctionId, auctionDay, lotNumber, seller, agent, breed, sex, age, quantity, reserve, auctioneer, buyer, sellingPricePerHead, passedIn) VALUES (N'S1620', 1620, 213, 70, N'P_Bar     ', N'Merino              ', N'E', 1, 40, NULL, N'P_Jan     ', 61, 91.0000, NULL);
INSERT SheepLot (auctionId, auctionDay, lotNumber, seller, agent, breed, sex, age, quantity, reserve, auctioneer, buyer, sellingPricePerHead, passedIn) VALUES (N'S1620', 1620, 214, 74, N'F_Don     ', N'Merino              ', N'R', 1, 60, NULL, N'F_Don     ', 77, 79.0000, NULL);
INSERT SheepLot (auctionId, auctionDay, lotNumber, seller, agent, breed, sex, age, quantity, reserve, auctioneer, buyer, sellingPricePerHead, passedIn) VALUES (N'S1620', 1620, 215, 39, N'F_Ral     ', N'Merino              ', N'W', 2, 20, NULL, N'F_Ral     ', 65, 94.0000, NULL);
INSERT SheepLot (auctionId, auctionDay, lotNumber, seller, agent, breed, sex, age, quantity, reserve, auctioneer, buyer, sellingPricePerHead, passedIn) VALUES (N'S1620', 1620, 216, 88, N'F_Mik     ', N'Romney              ', N'R', 2, 15, NULL, N'F_Mik     ', 54, 92.0000, NULL);
INSERT SheepLot (auctionId, auctionDay, lotNumber, seller, agent, breed, sex, age, quantity, reserve, auctioneer, buyer, sellingPricePerHead, passedIn) VALUES (N'S1620', 1620, 217, 57, N'P_Jan     ', N'Romney              ', N'W', 3, 80, NULL, N'P_Jan     ', 62, 82.0000, NULL);
INSERT SheepLot (auctionId, auctionDay, lotNumber, seller, agent, breed, sex, age, quantity, reserve, auctioneer, buyer, sellingPricePerHead, passedIn) VALUES (N'S1620', 1620, 218, 69, N'D_Dav     ', N'Merino              ', N'E', 2, 10, NULL, N'D_Dav     ', 65, 91.0000, NULL);
INSERT SheepLot (auctionId, auctionDay, lotNumber, seller, agent, breed, sex, age, quantity, reserve, auctioneer, buyer, sellingPricePerHead, passedIn) VALUES (N'S1620', 1620, 219, 38, N'P_Jan     ', N'Suffolk X           ', N'E', 3, 20, NULL, N'P_Jan     ', 63, 102.0000, NULL);
INSERT SheepLot (auctionId, auctionDay, lotNumber, seller, agent, breed, sex, age, quantity, reserve, auctioneer, buyer, sellingPricePerHead, passedIn) VALUES (N'S1620', 1620, 220, 38, N'P_Jan     ', N'Romney              ', N'R', 1, 80, NULL, N'P_Jan     ', 54, 97.0000, NULL);
INSERT SheepLot (auctionId, auctionDay, lotNumber, seller, agent, breed, sex, age, quantity, reserve, auctioneer, buyer, sellingPricePerHead, passedIn) VALUES (N'S1620', 1620, 221, 57, N'P_Jan     ', N'Merino              ', N'W', 2, 5, NULL, N'P_Jan     ', 48, 102.0000, NULL);
INSERT SheepLot (auctionId, auctionDay, lotNumber, seller, agent, breed, sex, age, quantity, reserve, auctioneer, buyer, sellingPricePerHead, passedIn) VALUES (N'S1620', 1620, 222, 84, N'F_Shr     ', N'Merino              ', N'W', 2, 25, NULL, N'F_Ral     ', 61, 103.0000, NULL);
INSERT SheepLot (auctionId, auctionDay, lotNumber, seller, agent, breed, sex, age, quantity, reserve, auctioneer, buyer, sellingPricePerHead, passedIn) VALUES (N'S1620', 1620, 223, 41, N'P_Jan     ', N'Merino              ', N'W', 3, 15, NULL, N'P_Jan     ', 66, 93.0000, NULL);
INSERT SheepLot (auctionId, auctionDay, lotNumber, seller, agent, breed, sex, age, quantity, reserve, auctioneer, buyer, sellingPricePerHead, passedIn) VALUES (N'S1620', 1620, 224, 61, N'F_Mic     ', N'Merino              ', N'W', 2, 15, NULL, N'F_Mik     ', 56, 104.0000, NULL);
INSERT SheepLot (auctionId, auctionDay, lotNumber, seller, agent, breed, sex, age, quantity, reserve, auctioneer, buyer, sellingPricePerHead, passedIn) VALUES (N'S1620', 1620, 225, 87, N'P_Bar     ', N'Romney              ', N'E', 1, 5, NULL, N'P_Jan     ', 77, 89.0000, NULL);
INSERT SheepLot (auctionId, auctionDay, lotNumber, seller, agent, breed, sex, age, quantity, reserve, auctioneer, buyer, sellingPricePerHead, passedIn) VALUES (N'S1620', 1620, 226, 59, N'D_Dav     ', N'Romney              ', N'R', 3, 15, 75.0000, N'D_Dav     ', 59, 83.0000, NULL);
INSERT SheepLot (auctionId, auctionDay, lotNumber, seller, agent, breed, sex, age, quantity, reserve, auctioneer, buyer, sellingPricePerHead, passedIn) VALUES (N'S1620', 1620, 227, 40, N'F_Dav     ', N'Romney              ', N'W', 1, 20, NULL, N'F_Don     ', 66, 85.0000, NULL);
INSERT SheepLot (auctionId, auctionDay, lotNumber, seller, agent, breed, sex, age, quantity, reserve, auctioneer, buyer, sellingPricePerHead, passedIn) VALUES (N'S1620', 1620, 228, 88, N'F_Mik     ', N'Merino              ', N'R', 1, 35, NULL, N'F_Mik     ', 63, 84.0000, NULL);
INSERT SheepLot (auctionId, auctionDay, lotNumber, seller, agent, breed, sex, age, quantity, reserve, auctioneer, buyer, sellingPricePerHead, passedIn) VALUES (N'S1620', 1620, 229, 43, N'F_Shr     ', N'Suffolk X           ', N'R', 1, 10, NULL, N'F_Mik     ', 78, 78.0000, NULL);
INSERT SheepLot (auctionId, auctionDay, lotNumber, seller, agent, breed, sex, age, quantity, reserve, auctioneer, buyer, sellingPricePerHead, passedIn) VALUES (N'S1620', 1620, 230, 69, N'D_Dav     ', N'Romney              ', N'W', 1, 75, NULL, N'D_Dav     ', 62, 81.0000, NULL);
INSERT SheepLot (auctionId, auctionDay, lotNumber, seller, agent, breed, sex, age, quantity, reserve, auctioneer, buyer, sellingPricePerHead, passedIn) VALUES (N'S1620', 1620, 231, 88, N'F_Mik     ', N'Merino              ', N'E', 3, 50, NULL, N'F_Mik     ', 66, 99.0000, NULL);
INSERT SheepLot (auctionId, auctionDay, lotNumber, seller, agent, breed, sex, age, quantity, reserve, auctioneer, buyer, sellingPricePerHead, passedIn) VALUES (N'S1620', 1620, 232, 84, N'F_Shr     ', N'Merino              ', N'E', 3, 90, NULL, N'F_Ral     ', 73, 95.0000, NULL);
INSERT SheepLot (auctionId, auctionDay, lotNumber, seller, agent, breed, sex, age, quantity, reserve, auctioneer, buyer, sellingPricePerHead, passedIn) VALUES (N'S1620', 1620, 233, 39, N'F_Ral     ', N'Merino              ', N'R', 1, 10, NULL, N'F_Ral     ', 66, 101.0000, NULL);
INSERT SheepLot (auctionId, auctionDay, lotNumber, seller, agent, breed, sex, age, quantity, reserve, auctioneer, buyer, sellingPricePerHead, passedIn) VALUES (N'S1620', 1620, 234, 65, N'P_Bar     ', N'Merino              ', N'W', 2, 45, NULL, N'F_Ral     ', 77, 88.0000, NULL);
INSERT SheepLot (auctionId, auctionDay, lotNumber, seller, agent, breed, sex, age, quantity, reserve, auctioneer, buyer, sellingPricePerHead, passedIn) VALUES (N'S1620', 1620, 235, 70, N'P_Bar     ', N'Romney              ', N'W', 3, 40, NULL, N'P_Jan     ', 46, 85.0000, NULL);
INSERT SheepLot (auctionId, auctionDay, lotNumber, seller, agent, breed, sex, age, quantity, reserve, auctioneer, buyer, sellingPricePerHead, passedIn) VALUES (N'S1620', 1620, 236, 38, N'P_Jan     ', N'Romney              ', N'W', 2, 25, NULL, N'P_Jan     ', 63, 84.0000, NULL);
INSERT SheepLot (auctionId, auctionDay, lotNumber, seller, agent, breed, sex, age, quantity, reserve, auctioneer, buyer, sellingPricePerHead, passedIn) VALUES (N'S1620', 1620, 237, 87, N'P_Bar     ', N'Romney              ', N'W', 2, 30, NULL, N'P_Jan     ', 66, 97.0000, NULL);
INSERT SheepLot (auctionId, auctionDay, lotNumber, seller, agent, breed, sex, age, quantity, reserve, auctioneer, buyer, sellingPricePerHead, passedIn) VALUES (N'S1620', 1620, 238, 41, N'P_Jan     ', N'Merino              ', N'E', 2, 100, NULL, N'P_Jan     ', 61, 93.0000, NULL);
INSERT SheepLot (auctionId, auctionDay, lotNumber, seller, agent, breed, sex, age, quantity, reserve, auctioneer, buyer, sellingPricePerHead, passedIn) VALUES (N'S1620', 1620, 239, 43, N'F_Shr     ', N'Suffolk X           ', N'R', 1, 15, NULL, N'F_Ral     ', 61, 79.0000, NULL);
INSERT SheepLot (auctionId, auctionDay, lotNumber, seller, agent, breed, sex, age, quantity, reserve, auctioneer, buyer, sellingPricePerHead, passedIn) VALUES (N'S1620', 1620, 240, 86, N'F_Shr     ', N'Romney              ', N'W', 2, 45, NULL, N'F_Ral     ', 39, 88.0000, NULL);
INSERT SheepLot (auctionId, auctionDay, lotNumber, seller, agent, breed, sex, age, quantity, reserve, auctioneer, buyer, sellingPricePerHead, passedIn) VALUES (N'S1620', 1620, 241, 65, N'P_Bar     ', N'Merino              ', N'R', 1, 35, NULL, N'F_Ral     ', 77, 97.0000, NULL);
INSERT SheepLot (auctionId, auctionDay, lotNumber, seller, agent, breed, sex, age, quantity, reserve, auctioneer, buyer, sellingPricePerHead, passedIn) VALUES (N'S1620', 1620, 242, 43, N'F_Shr     ', N'Merino              ', N'R', 3, 45, NULL, N'F_Mik     ', 61, 95.0000, NULL);
INSERT SheepLot (auctionId, auctionDay, lotNumber, seller, agent, breed, sex, age, quantity, reserve, auctioneer, buyer, sellingPricePerHead, passedIn) VALUES (N'S1620', 1620, 243, 85, N'F_Leo     ', N'Merino              ', N'W', 2, 25, NULL, N'F_Mik     ', 79, 94.0000, NULL);
INSERT SheepLot (auctionId, auctionDay, lotNumber, seller, agent, breed, sex, age, quantity, reserve, auctioneer, buyer, sellingPricePerHead, passedIn) VALUES (N'S1620', 1620, 244, 42, N'F_Don     ', N'Merino              ', N'E', 2, 10, NULL, N'F_Don     ', 56, 87.0000, NULL);
INSERT SheepLot (auctionId, auctionDay, lotNumber, seller, agent, breed, sex, age, quantity, reserve, auctioneer, buyer, sellingPricePerHead, passedIn) VALUES (N'S1620', 1620, 245, 40, N'F_Dav     ', N'Romney              ', N'E', 2, 100, NULL, N'F_Don     ', 61, 84.0000, NULL);
INSERT SheepLot (auctionId, auctionDay, lotNumber, seller, agent, breed, sex, age, quantity, reserve, auctioneer, buyer, sellingPricePerHead, passedIn) VALUES (N'S1620', 1620, 246, 38, N'P_Jan     ', N'Romney              ', N'R', 2, 100, NULL, N'P_Jan     ', 65, 78.0000, NULL);
INSERT SheepLot (auctionId, auctionDay, lotNumber, seller, agent, breed, sex, age, quantity, reserve, auctioneer, buyer, sellingPricePerHead, passedIn) VALUES (N'S1620', 1620, 247, 43, N'F_Shr     ', N'Romney              ', N'W', 2, 65, NULL, N'F_Mik     ', 61, 100.0000, NULL);
INSERT SheepLot (auctionId, auctionDay, lotNumber, seller, agent, breed, sex, age, quantity, reserve, auctioneer, buyer, sellingPricePerHead, passedIn) VALUES (N'S1620', 1620, 248, 101, N'F_Dav     ', N'Merino              ', N'W', 1, 5, NULL, N'F_Mik     ', 79, 91.0000, NULL);
INSERT SheepLot (auctionId, auctionDay, lotNumber, seller, agent, breed, sex, age, quantity, reserve, auctioneer, buyer, sellingPricePerHead, passedIn) VALUES (N'S1620', 1620, 249, 39, N'F_Ral     ', N'Suffolk X           ', N'W', 3, 15, NULL, N'F_Ral     ', 62, 97.0000, NULL);
INSERT SheepLot (auctionId, auctionDay, lotNumber, seller, agent, breed, sex, age, quantity, reserve, auctioneer, buyer, sellingPricePerHead, passedIn) VALUES (N'S1620', 1620, 250, 77, N'F_Don     ', N'Romney              ', N'W', 1, 65, NULL, N'F_Don     ', 80, 89.0000, NULL);
INSERT SheepLot (auctionId, auctionDay, lotNumber, seller, agent, breed, sex, age, quantity, reserve, auctioneer, buyer, sellingPricePerHead, passedIn) VALUES (N'S1620', 1620, 251, 58, N'P_Jan     ', N'Merino              ', N'E', 1, 75, NULL, N'P_Jan     ', 74, 97.0000, NULL);
INSERT SheepLot (auctionId, auctionDay, lotNumber, seller, agent, breed, sex, age, quantity, reserve, auctioneer, buyer, sellingPricePerHead, passedIn) VALUES (N'S1620', 1620, 252, 40, N'F_Dav     ', N'Merino              ', N'R', 1, 75, NULL, N'F_Don     ', 73, 102.0000, NULL);
INSERT SheepLot (auctionId, auctionDay, lotNumber, seller, agent, breed, sex, age, quantity, reserve, auctioneer, buyer, sellingPricePerHead, passedIn) VALUES (N'S1620', 1620, 253, 58, N'P_Jan     ', N'Merino              ', N'W', 2, 25, NULL, N'P_Jan     ', 66, 98.0000, NULL);
INSERT SheepLot (auctionId, auctionDay, lotNumber, seller, agent, breed, sex, age, quantity, reserve, auctioneer, buyer, sellingPricePerHead, passedIn) VALUES (N'S1620', 1620, 254, 78, N'D_Dav     ', N'Merino              ', N'R', 2, 35, NULL, N'D_Dav     ', 75, 78.0000, NULL);
INSERT SheepLot (auctionId, auctionDay, lotNumber, seller, agent, breed, sex, age, quantity, reserve, auctioneer, buyer, sellingPricePerHead, passedIn) VALUES (N'S1620', 1620, 255, 61, N'F_Mic     ', N'Romney              ', N'R', 3, 85, NULL, N'F_Mik     ', 54, 78.0000, NULL);
INSERT SheepLot (auctionId, auctionDay, lotNumber, seller, agent, breed, sex, age, quantity, reserve, auctioneer, buyer, sellingPricePerHead, passedIn) VALUES (N'S1620', 1620, 256, 59, N'D_Dav     ', N'Romney              ', N'W', 1, 20, NULL, N'D_Dav     ', 56, 93.0000, NULL);
INSERT SheepLot (auctionId, auctionDay, lotNumber, seller, agent, breed, sex, age, quantity, reserve, auctioneer, buyer, sellingPricePerHead, passedIn) VALUES (N'S1620', 1620, 257, 101, N'F_Dav     ', N'Romney              ', N'E', 1, 60, NULL, N'F_Mik     ', 61, 95.0000, NULL);
INSERT SheepLot (auctionId, auctionDay, lotNumber, seller, agent, breed, sex, age, quantity, reserve, auctioneer, buyer, sellingPricePerHead, passedIn) VALUES (N'S1620', 1620, 258, 32, N'P_Lis     ', N'Merino              ', N'E', 2, 20, NULL, N'P_Jan     ', 65, 81.0000, NULL);
INSERT SheepLot (auctionId, auctionDay, lotNumber, seller, agent, breed, sex, age, quantity, reserve, auctioneer, buyer, sellingPricePerHead, passedIn) VALUES (N'S1620', 1620, 259, 86, N'F_Shr     ', N'Suffolk X           ', N'R', 1, 80, NULL, N'F_Ral     ', 39, 89.0000, NULL);
INSERT SheepLot (auctionId, auctionDay, lotNumber, seller, agent, breed, sex, age, quantity, reserve, auctioneer, buyer, sellingPricePerHead, passedIn) VALUES (N'S1620', 1620, 260, 41, N'P_Jan     ', N'Romney              ', N'W', 3, 60, NULL, N'P_Jan     ', 60, 103.0000, NULL);
INSERT SheepLot (auctionId, auctionDay, lotNumber, seller, agent, breed, sex, age, quantity, reserve, auctioneer, buyer, sellingPricePerHead, passedIn) VALUES (N'S1620', 1620, 261, 74, N'F_Don     ', N'Merino              ', N'W', 2, 50, NULL, N'F_Don     ', 64, 102.0000, NULL);
INSERT SheepLot (auctionId, auctionDay, lotNumber, seller, agent, breed, sex, age, quantity, reserve, auctioneer, buyer, sellingPricePerHead, passedIn) VALUES (N'S1620', 1620, 262, 49, N'F_Mik     ', N'Merino              ', N'W', 1, 75, NULL, N'F_Mik     ', 60, 80.0000, NULL);
INSERT SheepLot (auctionId, auctionDay, lotNumber, seller, agent, breed, sex, age, quantity, reserve, auctioneer, buyer, sellingPricePerHead, passedIn) VALUES (N'S1620', 1620, 263, 60, N'D_Dav     ', N'Merino              ', N'W', 1, 50, NULL, N'D_Dav     ', 61, 86.0000, NULL);
INSERT SheepLot (auctionId, auctionDay, lotNumber, seller, agent, breed, sex, age, quantity, reserve, auctioneer, buyer, sellingPricePerHead, passedIn) VALUES (N'S1620', 1620, 264, 85, N'F_Leo     ', N'Merino              ', N'E', 2, 20, NULL, N'F_Mik     ', 74, 102.0000, NULL);
INSERT SheepLot (auctionId, auctionDay, lotNumber, seller, agent, breed, sex, age, quantity, reserve, auctioneer, buyer, sellingPricePerHead, passedIn) VALUES (N'S1620', 1620, 265, 34, N'F_Mic     ', N'Romney              ', N'R', 3, 10, 80.0000, N'F_Don     ', 56, 86.0000, NULL);
INSERT SheepLot (auctionId, auctionDay, lotNumber, seller, agent, breed, sex, age, quantity, reserve, auctioneer, buyer, sellingPricePerHead, passedIn) VALUES (N'S1620', 1620, 266, 78, N'D_Dav     ', N'Romney              ', N'W', 1, 20, NULL, N'D_Dav     ', 66, 83.0000, NULL);
INSERT SheepLot (auctionId, auctionDay, lotNumber, seller, agent, breed, sex, age, quantity, reserve, auctioneer, buyer, sellingPricePerHead, passedIn) VALUES (N'S1620', 1620, 267, 74, N'F_Don     ', N'Romney              ', N'R', 1, 10, NULL, N'F_Don     ', 66, 83.0000, NULL);
INSERT SheepLot (auctionId, auctionDay, lotNumber, seller, agent, breed, sex, age, quantity, reserve, auctioneer, buyer, sellingPricePerHead, passedIn) VALUES (N'S1620', 1620, 268, 43, N'F_Shr     ', N'Merino              ', N'R', 1, 55, NULL, N'F_Mik     ', 46, 101.0000, NULL);
INSERT SheepLot (auctionId, auctionDay, lotNumber, seller, agent, breed, sex, age, quantity, reserve, auctioneer, buyer, sellingPricePerHead, passedIn) VALUES (N'S1620', 1620, 269, 43, N'F_Shr     ', N'Suffolk X           ', N'W', 1, 90, NULL, N'F_Mik     ', 75, 88.0000, NULL);
INSERT SheepLot (auctionId, auctionDay, lotNumber, seller, agent, breed, sex, age, quantity, reserve, auctioneer, buyer, sellingPricePerHead, passedIn) VALUES (N'S1620', 1620, 270, 100, N'F_Leo     ', N'Romney              ', N'E', 2, 65, NULL, N'F_Don     ', 78, 84.0000, NULL);
INSERT SheepLot (auctionId, auctionDay, lotNumber, seller, agent, breed, sex, age, quantity, reserve, auctioneer, buyer, sellingPricePerHead, passedIn) VALUES (N'S1620', 1620, 271, 38, N'P_Jan     ', N'Merino              ', N'E', 2, 55, NULL, N'P_Jan     ', 46, 95.0000, NULL);
INSERT SheepLot (auctionId, auctionDay, lotNumber, seller, agent, breed, sex, age, quantity, reserve, auctioneer, buyer, sellingPricePerHead, passedIn) VALUES (N'S1620', 1620, 272, 76, N'D_Big     ', N'Merino              ', N'R', 3, 40, 70.0000, N'D_Big     ', 48, 79.0000, NULL);
INSERT SheepLot (auctionId, auctionDay, lotNumber, seller, agent, breed, sex, age, quantity, reserve, auctioneer, buyer, sellingPricePerHead, passedIn) VALUES (N'S1620', 1620, 273, 88, N'F_Mik     ', N'Merino              ', N'W', 3, 90, NULL, N'F_Mik     ', 78, 85.0000, NULL);
INSERT SheepLot (auctionId, auctionDay, lotNumber, seller, agent, breed, sex, age, quantity, reserve, auctioneer, buyer, sellingPricePerHead, passedIn) VALUES (N'S1620', 1620, 274, 58, N'P_Jan     ', N'Merino              ', N'W', 1, 5, NULL, N'P_Jan     ', 75, 101.0000, NULL);
INSERT SheepLot (auctionId, auctionDay, lotNumber, seller, agent, breed, sex, age, quantity, reserve, auctioneer, buyer, sellingPricePerHead, passedIn) VALUES (N'S1620', 1620, 275, 86, N'F_Shr     ', N'Romney              ', N'W', 1, 30, NULL, N'F_Ral     ', 62, 81.0000, NULL);
INSERT SheepLot (auctionId, auctionDay, lotNumber, seller, agent, breed, sex, age, quantity, reserve, auctioneer, buyer, sellingPricePerHead, passedIn) VALUES (N'S1620', 1620, 276, 85, N'F_Leo     ', N'Romney              ', N'W', 3, 65, NULL, N'F_Mik     ', 60, 105.0000, NULL);
INSERT SheepLot (auctionId, auctionDay, lotNumber, seller, agent, breed, sex, age, quantity, reserve, auctioneer, buyer, sellingPricePerHead, passedIn) VALUES (N'S1620', 1620, 277, 61, N'F_Mic     ', N'Romney              ', N'E', 3, 25, 110.0000, N'F_Mik     ', 66, NULL, 1);
INSERT SheepLot (auctionId, auctionDay, lotNumber, seller, agent, breed, sex, age, quantity, reserve, auctioneer, buyer, sellingPricePerHead, passedIn) VALUES (N'S1620', 1620, 278, 69, N'D_Dav     ', N'Merino              ', N'R', 1, 15, NULL, N'D_Dav     ', 74, 85.0000, NULL);
INSERT SheepLot (auctionId, auctionDay, lotNumber, seller, agent, breed, sex, age, quantity, reserve, auctioneer, buyer, sellingPricePerHead, passedIn) VALUES (N'S1620', 1620, 279, 37, N'F_Mic     ', N'Suffolk X           ', N'W', 1, 95, NULL, N'F_Mik     ', 59, 101.0000, NULL);
INSERT SheepLot (auctionId, auctionDay, lotNumber, seller, agent, breed, sex, age, quantity, reserve, auctioneer, buyer, sellingPricePerHead, passedIn) VALUES (N'S1620', 1620, 280, 43, N'F_Shr     ', N'Romney              ', N'R', 1, 20, NULL, N'F_Mik     ', 79, 100.0000, NULL);
INSERT SheepLot (auctionId, auctionDay, lotNumber, seller, agent, breed, sex, age, quantity, reserve, auctioneer, buyer, sellingPricePerHead, passedIn) VALUES (N'S1620', 1620, 281, 58, N'P_Jan     ', N'Merino              ', N'R', 2, 50, NULL, N'P_Jan     ', 77, 94.0000, NULL);
INSERT SheepLot (auctionId, auctionDay, lotNumber, seller, agent, breed, sex, age, quantity, reserve, auctioneer, buyer, sellingPricePerHead, passedIn) VALUES (N'S1620', 1620, 282, 49, N'F_Mik     ', N'Merino              ', N'W', 3, 10, NULL, N'F_Mik     ', 78, 81.0000, NULL);
INSERT SheepLot (auctionId, auctionDay, lotNumber, seller, agent, breed, sex, age, quantity, reserve, auctioneer, buyer, sellingPricePerHead, passedIn) VALUES (N'S1620', 1620, 283, 69, N'D_Dav     ', N'Merino              ', N'E', 1, 15, NULL, N'D_Dav     ', 63, 103.0000, NULL);
INSERT SheepLot (auctionId, auctionDay, lotNumber, seller, agent, breed, sex, age, quantity, reserve, auctioneer, buyer, sellingPricePerHead, passedIn) VALUES (N'S1620', 1620, 284, 77, N'F_Don     ', N'Merino              ', N'E', 2, 10, NULL, N'F_Don     ', 39, 98.0000, NULL);
INSERT SheepLot (auctionId, auctionDay, lotNumber, seller, agent, breed, sex, age, quantity, reserve, auctioneer, buyer, sellingPricePerHead, passedIn) VALUES (N'S1620', 1620, 285, 78, N'D_Dav     ', N'Romney              ', N'R', 3, 85, NULL, N'D_Dav     ', 61, 79.0000, NULL);
INSERT SheepLot (auctionId, auctionDay, lotNumber, seller, agent, breed, sex, age, quantity, reserve, auctioneer, buyer, sellingPricePerHead, passedIn) VALUES (N'S1620', 1620, 286, 58, N'P_Jan     ', N'Romney              ', N'W', 2, 65, NULL, N'P_Jan     ', 61, 102.0000, NULL);
INSERT SheepLot (auctionId, auctionDay, lotNumber, seller, agent, breed, sex, age, quantity, reserve, auctioneer, buyer, sellingPricePerHead, passedIn) VALUES (N'S1620', 1620, 287, 76, N'D_Big     ', N'Romney              ', N'W', 1, 80, NULL, N'D_Big     ', 61, 87.0000, NULL);
INSERT SheepLot (auctionId, auctionDay, lotNumber, seller, agent, breed, sex, age, quantity, reserve, auctioneer, buyer, sellingPricePerHead, passedIn) VALUES (N'S1620', 1620, 288, 76, N'D_Big     ', N'Merino              ', N'W', 1, 35, NULL, N'D_Big     ', 79, 96.0000, NULL);
INSERT SheepLot (auctionId, auctionDay, lotNumber, seller, agent, breed, sex, age, quantity, reserve, auctioneer, buyer, sellingPricePerHead, passedIn) VALUES (N'S1620', 1620, 289, 74, N'F_Don     ', N'Suffolk X           ', N'W', 2, 25, NULL, N'F_Don     ', 79, 86.0000, NULL);
INSERT SheepLot (auctionId, auctionDay, lotNumber, seller, agent, breed, sex, age, quantity, reserve, auctioneer, buyer, sellingPricePerHead, passedIn) VALUES (N'S1620', 1620, 290, 62, N'P_Lis     ', N'Romney              ', N'E', 2, 65, NULL, N'P_Jan     ', 46, 83.0000, NULL);
INSERT SheepLot (auctionId, auctionDay, lotNumber, seller, agent, breed, sex, age, quantity, reserve, auctioneer, buyer, sellingPricePerHead, passedIn) VALUES (N'S1620', 1620, 291, 65, N'P_Bar     ', N'Merino              ', N'R', 2, 45, NULL, N'F_Ral     ', 61, 98.0000, NULL);
INSERT SheepLot (auctionId, auctionDay, lotNumber, seller, agent, breed, sex, age, quantity, reserve, auctioneer, buyer, sellingPricePerHead, passedIn) VALUES (N'S1620', 1620, 292, 100, N'F_Leo     ', N'Merino              ', N'W', 2, 75, NULL, N'F_Don     ', 63, 88.0000, NULL);
INSERT SheepLot (auctionId, auctionDay, lotNumber, seller, agent, breed, sex, age, quantity, reserve, auctioneer, buyer, sellingPricePerHead, passedIn) VALUES (N'S1620', 1620, 293, 62, N'P_Lis     ', N'Merino              ', N'R', 3, 15, NULL, N'P_Jan     ', 56, 81.0000, NULL);
INSERT SheepLot (auctionId, auctionDay, lotNumber, seller, agent, breed, sex, age, quantity, reserve, auctioneer, buyer, sellingPricePerHead, passedIn) VALUES (N'S1620', 1620, 294, 41, N'P_Jan     ', N'Merino              ', N'R', 2, 45, NULL, N'P_Jan     ', 46, 96.0000, NULL);
INSERT SheepLot (auctionId, auctionDay, lotNumber, seller, agent, breed, sex, age, quantity, reserve, auctioneer, buyer, sellingPricePerHead, passedIn) VALUES (N'S1620', 1620, 295, 69, N'D_Dav     ', N'Romney              ', N'W', 2, 45, NULL, N'D_Dav     ', 65, 99.0000, NULL);
INSERT SheepLot (auctionId, auctionDay, lotNumber, seller, agent, breed, sex, age, quantity, reserve, auctioneer, buyer, sellingPricePerHead, passedIn) VALUES (N'S1620', 1620, 296, 62, N'P_Lis     ', N'Romney              ', N'E', 3, 75, NULL, N'P_Jan     ', 77, 82.0000, NULL);
INSERT SheepLot (auctionId, auctionDay, lotNumber, seller, agent, breed, sex, age, quantity, reserve, auctioneer, buyer, sellingPricePerHead, passedIn) VALUES (N'S1620', 1620, 297, 61, N'F_Mic     ', N'Romney              ', N'E', 1, 20, NULL, N'F_Mik     ', 61, 90.0000, NULL);
INSERT SheepLot (auctionId, auctionDay, lotNumber, seller, agent, breed, sex, age, quantity, reserve, auctioneer, buyer, sellingPricePerHead, passedIn) VALUES (N'S1620', 1620, 298, 60, N'D_Dav     ', N'Merino              ', N'R', 3, 45, NULL, N'D_Dav     ', 75, 83.0000, NULL);
INSERT SheepLot (auctionId, auctionDay, lotNumber, seller, agent, breed, sex, age, quantity, reserve, auctioneer, buyer, sellingPricePerHead, passedIn) VALUES (N'S1620', 1620, 299, 88, N'F_Mik     ', N'Suffolk X           ', N'W', 1, 10, NULL, N'F_Mik     ', 79, 87.0000, NULL);
INSERT SheepLot (auctionId, auctionDay, lotNumber, seller, agent, breed, sex, age, quantity, reserve, auctioneer, buyer, sellingPricePerHead, passedIn) VALUES (N'S1620', 1620, 300, 41, N'P_Jan     ', N'Romney              ', N'W', 3, 35, NULL, N'P_Jan     ', 75, 96.0000, NULL);
INSERT SheepLot (auctionId, auctionDay, lotNumber, seller, agent, breed, sex, age, quantity, reserve, auctioneer, buyer, sellingPricePerHead, passedIn) VALUES (N'S1620', 1620, 301, 100, N'F_Leo     ', N'Merino              ', N'W', 3, 35, NULL, N'F_Mik     ', 61, 102.0000, NULL);
INSERT SheepLot (auctionId, auctionDay, lotNumber, seller, agent, breed, sex, age, quantity, reserve, auctioneer, buyer, sellingPricePerHead, passedIn) VALUES (N'S1620', 1620, 302, 57, N'P_Jan     ', N'Merino              ', N'W', 2, 20, NULL, N'P_Jan     ', 61, 81.0000, NULL);
INSERT SheepLot (auctionId, auctionDay, lotNumber, seller, agent, breed, sex, age, quantity, reserve, auctioneer, buyer, sellingPricePerHead, passedIn) VALUES (N'S1620', 1620, 303, 74, N'F_Don     ', N'Merino              ', N'E', 2, 60, NULL, N'F_Don     ', 54, 103.0000, NULL);
INSERT SheepLot (auctionId, auctionDay, lotNumber, seller, agent, breed, sex, age, quantity, reserve, auctioneer, buyer, sellingPricePerHead, passedIn) VALUES (N'S1620', 1620, 304, 32, N'P_Lis     ', N'Merino              ', N'R', 2, 25, NULL, N'P_Jan     ', 73, 84.0000, NULL);
INSERT SheepLot (auctionId, auctionDay, lotNumber, seller, agent, breed, sex, age, quantity, reserve, auctioneer, buyer, sellingPricePerHead, passedIn) VALUES (N'S1620', 1620, 305, 37, N'F_Mic     ', N'Romney              ', N'W', 1, 95, NULL, N'F_Don     ', 46, 94.0000, NULL);
INSERT SheepLot (auctionId, auctionDay, lotNumber, seller, agent, breed, sex, age, quantity, reserve, auctioneer, buyer, sellingPricePerHead, passedIn) VALUES (N'S1620', 1620, 306, 87, N'P_Bar     ', N'Romney              ', N'R', 3, 85, NULL, N'P_Jan     ', 63, 87.0000, NULL);
INSERT SheepLot (auctionId, auctionDay, lotNumber, seller, agent, breed, sex, age, quantity, reserve, auctioneer, buyer, sellingPricePerHead, passedIn) VALUES (N'S1620', 1620, 307, 43, N'F_Shr     ', N'Romney              ', N'R', 3, 10, NULL, N'F_Ral     ', 79, 91.0000, NULL);
INSERT SheepLot (auctionId, auctionDay, lotNumber, seller, agent, breed, sex, age, quantity, reserve, auctioneer, buyer, sellingPricePerHead, passedIn) VALUES (N'S1620', 1620, 308, 87, N'P_Bar     ', N'Merino              ', N'W', 3, 45, NULL, N'P_Jan     ', 78, 100.0000, NULL);
INSERT SheepLot (auctionId, auctionDay, lotNumber, seller, agent, breed, sex, age, quantity, reserve, auctioneer, buyer, sellingPricePerHead, passedIn) VALUES (N'S1620', 1620, 309, 76, N'D_Big     ', N'Suffolk X           ', N'E', 3, 95, NULL, N'D_Big     ', 75, 96.0000, NULL);
INSERT SheepLot (auctionId, auctionDay, lotNumber, seller, agent, breed, sex, age, quantity, reserve, auctioneer, buyer, sellingPricePerHead, passedIn) VALUES (N'S1620', 1620, 310, 87, N'P_Bar     ', N'Romney              ', N'E', 3, 50, NULL, N'P_Jan     ', 56, 81.0000, NULL);
INSERT SheepLot (auctionId, auctionDay, lotNumber, seller, agent, breed, sex, age, quantity, reserve, auctioneer, buyer, sellingPricePerHead, passedIn) VALUES (N'S1620', 1620, 311, 84, N'F_Shr     ', N'Merino              ', N'R', 3, 35, NULL, N'F_Ral     ', 59, 88.0000, NULL);
INSERT SheepLot (auctionId, auctionDay, lotNumber, seller, agent, breed, sex, age, quantity, reserve, auctioneer, buyer, sellingPricePerHead, passedIn) VALUES (N'S1620', 1620, 312, 40, N'F_Dav     ', N'Merino              ', N'W', 2, 15, NULL, N'F_Don     ', 73, 85.0000, NULL);
INSERT SheepLot (auctionId, auctionDay, lotNumber, seller, agent, breed, sex, age, quantity, reserve, auctioneer, buyer, sellingPricePerHead, passedIn) VALUES (N'S1620', 1620, 313, 37, N'F_Mic     ', N'Merino              ', N'W', 1, 50, NULL, N'F_Don     ', 39, 91.0000, NULL);
INSERT SheepLot (auctionId, auctionDay, lotNumber, seller, agent, breed, sex, age, quantity, reserve, auctioneer, buyer, sellingPricePerHead, passedIn) VALUES (N'S1620', 1620, 314, 57, N'P_Jan     ', N'Merino              ', N'W', 3, 35, NULL, N'P_Jan     ', 73, 78.0000, NULL);
INSERT SheepLot (auctionId, auctionDay, lotNumber, seller, agent, breed, sex, age, quantity, reserve, auctioneer, buyer, sellingPricePerHead, passedIn) VALUES (N'S1620', 1620, 315, 70, N'P_Bar     ', N'Romney              ', N'W', 1, 20, NULL, N'P_Jan     ', 46, 85.0000, NULL);
INSERT SheepLot (auctionId, auctionDay, lotNumber, seller, agent, breed, sex, age, quantity, reserve, auctioneer, buyer, sellingPricePerHead, passedIn) VALUES (N'S1620', 1620, 316, 38, N'P_Jan     ', N'Romney              ', N'E', 1, 100, NULL, N'P_Jan     ', 66, 84.0000, NULL);
INSERT SheepLot (auctionId, auctionDay, lotNumber, seller, agent, breed, sex, age, quantity, reserve, auctioneer, buyer, sellingPricePerHead, passedIn) VALUES (N'S1620', 1620, 317, 37, N'F_Mic     ', N'Romney              ', N'R', 2, 40, NULL, N'F_Don     ', 39, 101.0000, NULL);
INSERT SheepLot (auctionId, auctionDay, lotNumber, seller, agent, breed, sex, age, quantity, reserve, auctioneer, buyer, sellingPricePerHead, passedIn) VALUES (N'S1620', 1620, 318, 61, N'F_Mic     ', N'Merino              ', N'W', 3, 20, NULL, N'F_Mik     ', 64, 79.0000, NULL);
INSERT SheepLot (auctionId, auctionDay, lotNumber, seller, agent, breed, sex, age, quantity, reserve, auctioneer, buyer, sellingPricePerHead, passedIn) VALUES (N'S1620', 1620, 319, 32, N'P_Lis     ', N'Suffolk X           ', N'R', 1, 25, NULL, N'P_Jan     ', 60, 102.0000, NULL);
INSERT SheepLot (auctionId, auctionDay, lotNumber, seller, agent, breed, sex, age, quantity, reserve, auctioneer, buyer, sellingPricePerHead, passedIn) VALUES (N'S1620', 1620, 320, 49, N'F_Mik     ', N'Romney              ', N'R', 2, 35, NULL, N'F_Mik     ', 64, 95.0000, NULL);
INSERT SheepLot (auctionId, auctionDay, lotNumber, seller, agent, breed, sex, age, quantity, reserve, auctioneer, buyer, sellingPricePerHead, passedIn) VALUES (N'S1620', 1620, 321, 39, N'F_Ral     ', N'Merino              ', N'W', 2, 45, NULL, N'F_Ral     ', 65, 96.0000, NULL);
INSERT SheepLot (auctionId, auctionDay, lotNumber, seller, agent, breed, sex, age, quantity, reserve, auctioneer, buyer, sellingPricePerHead, passedIn) VALUES (N'S1620', 1620, 322, 38, N'P_Jan     ', N'Merino              ', N'E', 2, 20, NULL, N'P_Jan     ', 59, 89.0000, NULL);
INSERT SheepLot (auctionId, auctionDay, lotNumber, seller, agent, breed, sex, age, quantity, reserve, auctioneer, buyer, sellingPricePerHead, passedIn) VALUES (N'S1620', 1620, 323, 43, N'F_Shr     ', N'Merino              ', N'E', 2, 20, NULL, N'F_Ral     ', 80, 81.0000, NULL);
INSERT SheepLot (auctionId, auctionDay, lotNumber, seller, agent, breed, sex, age, quantity, reserve, auctioneer, buyer, sellingPricePerHead, passedIn) VALUES (N'S1620', 1620, 324, 62, N'P_Lis     ', N'Merino              ', N'R', 3, 50, NULL, N'P_Jan     ', 56, 80.0000, NULL);
INSERT SheepLot (auctionId, auctionDay, lotNumber, seller, agent, breed, sex, age, quantity, reserve, auctioneer, buyer, sellingPricePerHead, passedIn) VALUES (N'S1620', 1620, 325, 65, N'P_Bar     ', N'Romney              ', N'W', 2, 20, NULL, N'F_Ral     ', 79, 84.0000, NULL);
INSERT SheepLot (auctionId, auctionDay, lotNumber, seller, agent, breed, sex, age, quantity, reserve, auctioneer, buyer, sellingPricePerHead, passedIn) VALUES (N'S1620', 1620, 326, 88, N'F_Mik     ', N'Romney              ', N'W', 2, 45, NULL, N'F_Mik     ', 56, 82.0000, NULL);
INSERT SheepLot (auctionId, auctionDay, lotNumber, seller, agent, breed, sex, age, quantity, reserve, auctioneer, buyer, sellingPricePerHead, passedIn) VALUES (N'S1620', 1620, 327, 40, N'F_Dav     ', N'Romney              ', N'W', 3, 85, NULL, N'F_Don     ', 62, 104.0000, NULL);
INSERT SheepLot (auctionId, auctionDay, lotNumber, seller, agent, breed, sex, age, quantity, reserve, auctioneer, buyer, sellingPricePerHead, passedIn) VALUES (N'S1620', 1620, 328, 74, N'F_Don     ', N'Merino              ', N'W', 1, 35, NULL, N'F_Don     ', 59, 90.0000, NULL);
INSERT SheepLot (auctionId, auctionDay, lotNumber, seller, agent, breed, sex, age, quantity, reserve, auctioneer, buyer, sellingPricePerHead, passedIn) VALUES (N'S1620', 1620, 329, 60, N'D_Dav     ', N'Suffolk X           ', N'E', 2, 30, 80.0000, N'D_Dav     ', 63, 100.0000, NULL);
INSERT SheepLot (auctionId, auctionDay, lotNumber, seller, agent, breed, sex, age, quantity, reserve, auctioneer, buyer, sellingPricePerHead, passedIn) VALUES (N'S1620', 1620, 330, 85, N'F_Leo     ', N'Romney              ', N'R', 1, 10, NULL, N'F_Mik     ', 39, 92.0000, NULL);
INSERT SheepLot (auctionId, auctionDay, lotNumber, seller, agent, breed, sex, age, quantity, reserve, auctioneer, buyer, sellingPricePerHead, passedIn) VALUES (N'S1620', 1620, 331, 40, N'F_Dav     ', N'Merino              ', N'W', 1, 70, NULL, N'F_Don     ', 73, 104.0000, NULL);
INSERT SheepLot (auctionId, auctionDay, lotNumber, seller, agent, breed, sex, age, quantity, reserve, auctioneer, buyer, sellingPricePerHead, passedIn) VALUES (N'S1620', 1620, 332, 39, N'F_Ral     ', N'Merino              ', N'R', 3, 5, NULL, N'F_Ral     ', 61, 90.0000, NULL);
INSERT SheepLot (auctionId, auctionDay, lotNumber, seller, agent, breed, sex, age, quantity, reserve, auctioneer, buyer, sellingPricePerHead, passedIn) VALUES (N'S1620', 1620, 333, 78, N'D_Dav     ', N'Merino              ', N'R', 2, 50, NULL, N'D_Dav     ', 65, 98.0000, NULL);
INSERT SheepLot (auctionId, auctionDay, lotNumber, seller, agent, breed, sex, age, quantity, reserve, auctioneer, buyer, sellingPricePerHead, passedIn) VALUES (N'S1620', 1620, 334, 101, N'F_Dav     ', N'Merino              ', N'W', 2, 35, NULL, N'F_Mik     ', 66, 87.0000, NULL);
INSERT SheepLot (auctionId, auctionDay, lotNumber, seller, agent, breed, sex, age, quantity, reserve, auctioneer, buyer, sellingPricePerHead, passedIn) VALUES (N'S1620', 1620, 335, 70, N'P_Bar     ', N'Romney              ', N'E', 1, 85, NULL, N'P_Jan     ', 77, 87.0000, NULL);
INSERT SheepLot (auctionId, auctionDay, lotNumber, seller, agent, breed, sex, age, quantity, reserve, auctioneer, buyer, sellingPricePerHead, passedIn) VALUES (N'S1620', 1620, 336, 59, N'D_Dav     ', N'Romney              ', N'E', 1, 40, NULL, N'D_Dav     ', 78, 101.0000, NULL);
INSERT SheepLot (auctionId, auctionDay, lotNumber, seller, agent, breed, sex, age, quantity, reserve, auctioneer, buyer, sellingPricePerHead, passedIn) VALUES (N'S1620', 1620, 337, 41, N'P_Jan     ', N'Romney              ', N'R', 3, 45, 100.0000, N'P_Jan     ', 46, 103.0000, NULL);
INSERT SheepLot (auctionId, auctionDay, lotNumber, seller, agent, breed, sex, age, quantity, reserve, auctioneer, buyer, sellingPricePerHead, passedIn) VALUES (N'S1620', 1620, 338, 62, N'P_Lis     ', N'Merino              ', N'W', 1, 40, NULL, N'P_Jan     ', 46, 89.0000, NULL);
INSERT SheepLot (auctionId, auctionDay, lotNumber, seller, agent, breed, sex, age, quantity, reserve, auctioneer, buyer, sellingPricePerHead, passedIn) VALUES (N'S1620', 1620, 339, 59, N'D_Dav     ', N'Suffolk X           ', N'W', 1, 35, NULL, N'D_Dav     ', 78, 85.0000, NULL);
INSERT SheepLot (auctionId, auctionDay, lotNumber, seller, agent, breed, sex, age, quantity, reserve, auctioneer, buyer, sellingPricePerHead, passedIn) VALUES (N'S1620', 1620, 340, 42, N'F_Don     ', N'Romney              ', N'W', 2, 75, 95.0000, N'F_Don     ', 56, 98.0000, NULL);
INSERT SheepLot (auctionId, auctionDay, lotNumber, seller, agent, breed, sex, age, quantity, reserve, auctioneer, buyer, sellingPricePerHead, passedIn) VALUES (N'S1620', 1620, 341, 87, N'P_Bar     ', N'Merino              ', N'W', 2, 25, NULL, N'P_Jan     ', 54, 90.0000, NULL);
INSERT SheepLot (auctionId, auctionDay, lotNumber, seller, agent, breed, sex, age, quantity, reserve, auctioneer, buyer, sellingPricePerHead, passedIn) VALUES (N'S1620', 1620, 342, 38, N'P_Jan     ', N'Merino              ', N'E', 3, 35, NULL, N'P_Jan     ', 64, 82.0000, NULL);
INSERT SheepLot (auctionId, auctionDay, lotNumber, seller, agent, breed, sex, age, quantity, reserve, auctioneer, buyer, sellingPricePerHead, passedIn) VALUES (N'S1620', 1620, 343, 41, N'P_Jan     ', N'Merino              ', N'R', 2, 20, NULL, N'P_Jan     ', 73, 91.0000, NULL);
INSERT SheepLot (auctionId, auctionDay, lotNumber, seller, agent, breed, sex, age, quantity, reserve, auctioneer, buyer, sellingPricePerHead, passedIn) VALUES (N'S1620', 1620, 344, 40, N'F_Dav     ', N'Merino              ', N'W', 1, 65, NULL, N'F_Don     ', 39, 84.0000, NULL);
INSERT SheepLot (auctionId, auctionDay, lotNumber, seller, agent, breed, sex, age, quantity, reserve, auctioneer, buyer, sellingPricePerHead, passedIn) VALUES (N'S1620', 1620, 345, 58, N'P_Jan     ', N'Romney              ', N'R', 2, 45, NULL, N'P_Jan     ', 75, 98.0000, NULL);
INSERT SheepLot (auctionId, auctionDay, lotNumber, seller, agent, breed, sex, age, quantity, reserve, auctioneer, buyer, sellingPricePerHead, passedIn) VALUES (N'S1620', 1620, 346, 85, N'F_Leo     ', N'Romney              ', N'R', 2, 15, NULL, N'F_Mik     ', 62, 89.0000, NULL);
INSERT SheepLot (auctionId, auctionDay, lotNumber, seller, agent, breed, sex, age, quantity, reserve, auctioneer, buyer, sellingPricePerHead, passedIn) VALUES (N'S1620', 1620, 347, 41, N'P_Jan     ', N'Merino              ', N'W', 3, 20, NULL, N'P_Jan     ', 66, 99.0000, NULL);
INSERT SheepLot (auctionId, auctionDay, lotNumber, seller, agent, breed, sex, age, quantity, reserve, auctioneer, buyer, sellingPricePerHead, passedIn) VALUES (N'S1620', 1620, 348, 59, N'D_Dav     ', N'Romney              ', N'E', 2, 20, NULL, N'D_Dav     ', 77, 83.0000, NULL);
INSERT SheepLot (auctionId, auctionDay, lotNumber, seller, agent, breed, sex, age, quantity, reserve, auctioneer, buyer, sellingPricePerHead, passedIn) VALUES (N'S1620', 1620, 349, 88, N'F_Mik     ', N'Merino              ', N'E', 1, 100, NULL, N'F_Mik     ', 54, 79.0000, NULL);
INSERT SheepLot (auctionId, auctionDay, lotNumber, seller, agent, breed, sex, age, quantity, reserve, auctioneer, buyer, sellingPricePerHead, passedIn) VALUES (N'S1620', 1620, 350, 57, N'P_Jan     ', N'Suffolk X           ', N'R', 1, 80, NULL, N'P_Jan     ', 77, 80.0000, NULL);
INSERT SheepLot (auctionId, auctionDay, lotNumber, seller, agent, breed, sex, age, quantity, reserve, auctioneer, buyer, sellingPricePerHead, passedIn) VALUES (N'S1620', 1620, 351, 38, N'P_Jan     ', N'Romney              ', N'W', 2, 25, NULL, N'P_Jan     ', 61, 87.0000, NULL);
INSERT SheepLot (auctionId, auctionDay, lotNumber, seller, agent, breed, sex, age, quantity, reserve, auctioneer, buyer, sellingPricePerHead, passedIn) VALUES (N'S1620', 1620, 352, 76, N'D_Big     ', N'Merino              ', N'W', 2, 40, NULL, N'D_Big     ', 61, 93.0000, NULL);
INSERT SheepLot (auctionId, auctionDay, lotNumber, seller, agent, breed, sex, age, quantity, reserve, auctioneer, buyer, sellingPricePerHead, passedIn) VALUES (N'S1620', 1620, 353, 60, N'D_Dav     ', N'Merino              ', N'W', 2, 40, NULL, N'D_Dav     ', 56, 83.0000, NULL);
INSERT SheepLot (auctionId, auctionDay, lotNumber, seller, agent, breed, sex, age, quantity, reserve, auctioneer, buyer, sellingPricePerHead, passedIn) VALUES (N'S1620', 1620, 354, 84, N'F_Shr     ', N'Merino              ', N'W', 3, 75, NULL, N'F_Ral     ', 39, 84.0000, NULL);
INSERT SheepLot (auctionId, auctionDay, lotNumber, seller, agent, breed, sex, age, quantity, reserve, auctioneer, buyer, sellingPricePerHead, passedIn) VALUES (N'S1620', 1620, 355, 61, N'F_Mic     ', N'Merino              ', N'E', 3, 50, NULL, N'F_Mik     ', 75, 96.0000, NULL);
INSERT SheepLot (auctionId, auctionDay, lotNumber, seller, agent, breed, sex, age, quantity, reserve, auctioneer, buyer, sellingPricePerHead, passedIn) VALUES (N'S1620', 1620, 356, 38, N'P_Jan     ', N'Romney              ', N'R', 2, 40, NULL, N'P_Jan     ', 80, 100.0000, NULL);
INSERT SheepLot (auctionId, auctionDay, lotNumber, seller, agent, breed, sex, age, quantity, reserve, auctioneer, buyer, sellingPricePerHead, passedIn) VALUES (N'S1620', 1620, 357, 39, N'F_Ral     ', N'Romney              ', N'W', 1, 50, NULL, N'F_Ral     ', 66, 105.0000, NULL);
INSERT SheepLot (auctionId, auctionDay, lotNumber, seller, agent, breed, sex, age, quantity, reserve, auctioneer, buyer, sellingPricePerHead, passedIn) VALUES (N'S1620', 1620, 358, 70, N'P_Bar     ', N'Merino              ', N'R', 1, 10, NULL, N'P_Jan     ', 74, 84.0000, NULL);
INSERT SheepLot (auctionId, auctionDay, lotNumber, seller, agent, breed, sex, age, quantity, reserve, auctioneer, buyer, sellingPricePerHead, passedIn) VALUES (N'S1620', 1620, 359, 76, N'D_Big     ', N'Merino              ', N'R', 2, 40, NULL, N'D_Big     ', 61, 91.0000, NULL);
INSERT SheepLot (auctionId, auctionDay, lotNumber, seller, agent, breed, sex, age, quantity, reserve, auctioneer, buyer, sellingPricePerHead, passedIn) VALUES (N'S1620', 1620, 360, 74, N'F_Don     ', N'Merino              ', N'W', 3, 25, NULL, N'F_Don     ', 66, 80.0000, NULL);
INSERT SheepLot (auctionId, auctionDay, lotNumber, seller, agent, breed, sex, age, quantity, reserve, auctioneer, buyer, sellingPricePerHead, passedIn) VALUES (N'S1620', 1620, 361, 62, N'P_Lis     ', N'Merino              ', N'E', 3, 100, NULL, N'P_Jan     ', 60, 82.0000, NULL);
INSERT SheepLot (auctionId, auctionDay, lotNumber, seller, agent, breed, sex, age, quantity, reserve, auctioneer, buyer, sellingPricePerHead, passedIn) VALUES (N'S1620', 1620, 362, 39, N'F_Ral     ', N'Merino              ', N'E', 2, 65, NULL, N'F_Ral     ', 62, 78.0000, NULL);
INSERT SheepLot (auctionId, auctionDay, lotNumber, seller, agent, breed, sex, age, quantity, reserve, auctioneer, buyer, sellingPricePerHead, passedIn) VALUES (N'S1620', 1620, 363, 38, N'P_Jan     ', N'Merino              ', N'R', 2, 65, NULL, N'P_Jan     ', 62, 88.0000, NULL); 

ALTER TABLE SheepLot ADD CONSTRAINT FK_SheepLot_AuctionClientAtAuction_buyer FOREIGN KEY(auctionDay, buyer)
REFERENCES AuctionClientAtAuction (auctionId, clientNumber);
ALTER TABLE SheepLot ADD CONSTRAINT FK_SheepLot_AuctionClientAtAuction_seller FOREIGN KEY(auctionDay, seller)
REFERENCES AuctionClientAtAuction (auctionId, clientNumber);
ALTER TABLE SheepLot  ADD CONSTRAINT FK_SheepLot_SheepAuction FOREIGN KEY(auctionId)
REFERENCES SheepAuction (id);
ALTER TABLE SheepLot ADD CONSTRAINT FK_SheepLot_StockAgent_agent FOREIGN KEY(agent)
REFERENCES StockAgent (id);
ALTER TABLE SheepLot  ADD CONSTRAINT FK_SheepLot_StockAgent_auctioneer FOREIGN KEY(auctioneer)
REFERENCES StockAgent (id);

